species,contrast_s_std,contrast_s_var,contrast_s_median,contrast_s_mean,mel_s_std,mel_s_var,mel_s_median,mel_s_mean,rolloff_min_s_std,rolloff_min_s_var,rolloff_min_s_median,rolloff_min_s_mean,rolloff_max_s_std,rolloff_max_s_var,rolloff_max_s_median,rolloff_max_s_mean,flatness_s_std,flatness_s_var,flatness_s_median,flatness_s_mean,bandwidth_s_std,bandwidth_s_var,bandwidth_s_median,bandwidth_s_mean,chroma_stft_s_std,chroma_stft_s_var,chroma_stft_s_median,chroma_stft_s_mean,rms_s_std,rms_s_var,rms_s_median,rms_s_mean
Aslan,16.121523914000385,259.99144742808664,16.254145458929315,21.719947937181153,64.59957,4173.1738000000005,-0.800112,-5.194146,15.282480394522718,233.55420700897125,53.8330078125,52.17660757211539,174.82794383455263,30564.809945417488,4855.7373046875,4822.3291733685655,0.0062259445,3.8762388e-05,0.010678003,0.0118140215,248.76777557576813,61885.40616491573,1112.018691232299,1134.6590996259797,0.28308047000000003,0.0801369545,0.39333477,0.45471606,0.10182714,0.010368766,0.16839331,0.1944937
Aslan,17.528944330641533,307.2638893467299,15.4507207053117,21.15295018696341,62.18923,3867.5005,-3.561626,-5.194146,18.91595591317571,357.81338810920715,75.3662109375,71.52099609375,504.2814512427929,254299.7820675373,4441.22314453125,4394.56787109375,0.00013799501,1.9042622e-08,2.9579584e-07,3.5266887e-05,180.57914281489016,32608.8268197605,916.755608676897,929.0720784043998,0.28308047000000003,0.0801369545,0.3636967,0.44759172,0.08003373999999999,0.020706402,0.167712,0.1982883
Aslan,10.745446982278889,259.99144742808664,16.70997661029471,20.114119830531397,60.008926,3601.071,-3.83792235,-6.6267614,30.215774689907526,912.9930401112564,86.1328125,83.94711143092105,462.0424488131391,1058332.121689234,7568.9208984375,7599.601665296052,0.0022316454,4.9802416e-06,0.0010039418,0.0015266672,242.63378364564613,58871.15296620222,1224.110317401993,1284.7508207317603,0.28308047000000003,0.0801369545,0.33882445,0.4192744,0.06310413,0.003982131,0.10444444,0.114908665
Aslan,16.95804325197253,287.5752309357711,16.28817442456851,22.175661565870357,70.10534,4914.7583,-3.83792235,-9.657912,31.35121937879365,982.8989565372468,86.1328125,88.88427734375,433.4550661461811,187883.29436779025,4387.39013671875,4314.296875,0.00010545642,1.1121056e-08,9.96047e-07,1.4578313e-05,96.61062262521304,9333.612404031326,909.2281407166936,917.0237902227386,0.28308047000000003,0.0801369545,0.39333477,0.45471606,0.11648208,0.013568075,0.038437106,0.10126458
Aslan,16.121523914000385,259.99144742808664,16.3426035452687,21.719947937181153,54.32353,2951.046,-3.83792235,-4.64579,52.14503130700513,2719.104290008545,107.666015625,90.91796875,918.156509857033,843011.376592848,8462.548828125,4822.3291733685655,0.00501206,2.5120746e-05,0.0011020986,0.0030201252,169.25115703217296,28774.27741862271,1381.5604954671517,1592.3431576576747,0.28308047000000003,0.0801369545,0.35227665,0.42782956,0.10384888,0.010784591,0.21304442,0.20147343
Aslan,18.401291820046,338.6075406464919,15.780984956905783,22.19717673763392,64.86218,4207.103,-3.9804163,-6.2505555,35.633966676863885,1269.779581127846,32.2998046875,37.44336332869433,203.6147617164752,41458.971188856965,4758.837890625,4755.786627024291,6.5247805e-05,4.2572763e-09,1.0315387e-06,9.680945e-06,126.60335029734446,16028.40830651211,1055.1472432084802,1072.095330553993,0.28857067,0.08327304,0.38546884,0.44332224,0.08942279,0.007996436,0.07380688,0.09958389
Aslan,15.78266445338044,249.0924972479985,18.63883856760449,25.357528077557525,85.22652,7263.5586,-2.3121595,-10.151422,0.0,0.0,0.0,0.0,522.6382622505026,273150.7531682252,4855.7373046875,4822.3291733685655,3.3796205e-06,1.1421835e-11,1.6282162e-07,3.6839697e-07,108.182632952155,11703.48207246069,1112.018691232299,1134.6590996259797,0.3258881,0.10620305,0.32432842,0.4080007,0.057310138,0.0032844518,0.04565946,0.077629946
Aslan,18.260491083129335,333.4455345970461,16.254145458929315,21.72226556455082,65.46772,4286.0225,-3.6954284,-2.730682,39.89975873161765,1591.990746841299,10.7666015625,34.19979319852941,229.4034514873609,52625.94355431395,4920.3369140625,4822.170840992647,0.00016736708,2.8011739e-08,1.881291e-06,4.429391e-05,200.94977944761732,40380.81386004605,1223.983572267694,1195.5725526529382,0.28308047000000003,0.0801369545,0.39333477,0.45471606,0.08003373999999999,0.0064607968,0.085749954,0.1559014
Aslan,18.053242122068493,325.9195511180281,15.715332807584565,22.646804065645085,64.33696,4139.2446,-3.83792235,-4.070435,30.33719692592844,920.3455173225618,75.3662109375,63.19527004076087,574.5876310029097,330150.945701536,4791.1376953125,4875.398055366848,0.0006108583,3.7314788e-07,3.81243e-07,0.00010574658,123.46835388227127,15244.434410397773,1041.9992562191158,1073.745646599021,0.28308047000000003,0.0801369545,0.39333477,0.45471606,0.061270658,0.0037540935,0.17474727,0.15658697
Aslan,17.15575665054684,294.31998625278214,18.334760101265523,25.192767513931077,73.73802,5437.296,-4.1463566,-8.808121,0.0,0.0,0.0,0.0,457.0902856051926,208931.52919463656,4532.7392578125,4437.978663589015,2.0998217e-05,4.4092516e-10,2.7778478e-07,1.6964009e-06,157.92317124945572,24939.72801748492,954.570439312499,926.8224624671255,0.3174558,0.10077818,0.25778237,0.35951617,0.06258468,0.0039168424,0.13105991,0.11865409
Aslan,15.825020763257625,250.4312821575349,17.929725554911364,23.448179903334964,70.05856,4908.2026,0.61962456,-5.194146,5.836806455459944,34.06830959849887,0.0,2.5919596354166665,682.6487791445646,466009.3556675646,3967.49267578125,4109.452311197917,0.00025060523,6.2802975e-08,1.033193e-07,3.8328508e-05,204.63246999500677,41874.44777625734,1112.018691232299,1134.6590996259797,0.31748608,0.100797415,0.18464649,0.33492285,0.08747663,0.0076521616,0.18776873,0.17828315
Aslan,16.121523914000385,259.99144742808664,16.20606087131513,21.719947937181153,64.59957,4173.1738000000005,-3.83792235,-13.437668,21.12646036503048,446.3273275552039,129.19921875,123.31436820652172,462.0424488131391,13739.68528439282,4855.7373046875,4822.3291733685655,0.000208986155,0.0028083285,1.45641485e-06,4.4293913e-05,154.3479569546268,23823.291816067325,1112.018691232299,1134.6590996259797,0.28308047000000003,0.0801369545,0.39333477,0.45471606,0.033339918,0.0011115501,0.06694928,0.0661999
Aslan,18.243708180367967,332.83288817042506,16.254145458929315,21.717630309811483,65.467255,4285.962,-3.6954122,-2.7324338,40.60353440401924,1648.647006098374,10.7666015625,34.516457950367645,229.1001090322312,52486.85995858021,4920.3369140625,4822.487505744485,0.00016736708,2.8011737e-08,1.881291e-06,4.4293916e-05,200.87671762909557,40351.45568543938,1223.983572267694,1195.626010169312,0.28308047000000003,0.0801369545,0.39333477,0.45471606,0.08003373999999999,0.0064607968,0.085749954,0.15591224
Aslan,16.418027064743143,269.5516126986384,18.70591987353308,25.55091979687336,81.74942,6682.9673,-2.594542,-7.9734135,0.0,0.0,0.0,0.0,458.7383502204522,210440.8739629823,3951.3427734375,4822.3291733685655,2.1931344e-05,4.8098386e-10,2.5479702e-07,1.6284346e-06,169.25115703217296,8128.176714066814,1112.018691232299,1134.6590996259797,0.29937565,0.08962578,0.32916775,0.3949533,0.039074868,0.0015268454,0.062092487,0.07226507
Aslan,11.47717383672003,131.7255192782908,16.22011649329012,20.137992356944547,64.59957,4173.1738000000005,-6.5388613,-2.405918,23.84736119255557,568.6966358482056,96.8994140625,88.30904047539893,951.8729694279908,906062.1499276608,6842.17529296875,7262.530907164229,0.02194005,0.00048136583,0.00078697497,0.0054254252,169.25115703217296,28774.27741862271,1168.890139256118,1301.8204385022789,0.2985357,0.08912356,0.32552487,0.41583484,0.09405076,0.008845544,0.095097197,0.137277745
Aslan,16.121523914000385,259.99144742808664,16.114859026307002,21.719947937181153,57.992462,3363.1257,0.69736993,-3.6310663,27.7086055945104,767.7668239921331,43.06640625,53.3843994140625,776.3092832024549,602656.1031863093,4855.7373046875,4822.3291733685655,0.02065101,0.00042646425,0.010572045,0.01844109,169.25115703217296,133750.2890951339,1112.018691232299,1134.6590996259797,0.28308047000000003,0.0801369545,0.39333477,0.45471606,0.033448543,0.0011188051,0.04462272,0.053502068
Aslan,16.707683432583345,279.14668568341995,18.43334825393177,25.42608840110527,64.59957,4173.1738000000005,-0.56917214,-12.653012,0.0,0.0,0.0,0.0,465.3465474058261,216547.4091825228,4177.44140625,4063.258763363487,1.6268415e-05,2.6466132e-10,2.1692605e-07,1.5321676e-06,101.19604969152137,10240.640473168858,1112.018691232299,1134.6590996259797,0.3223271,0.103894755,0.39333477,0.45471606,0.08003373999999999,0.0003265374,0.041614998,0.047641452
Aslan,16.121523914000385,259.99144742808664,16.39059738794227,21.719947937181153,64.59957,4173.1738000000005,-6.0253725,-5.742502,64.8370232226534,4203.839580374897,172.265625,175.36237327550168,163.68690427018024,26793.402629555145,4855.7373046875,4822.3291733685655,0.000208986155,0.0037651584,1.45641485e-06,4.4293913e-05,169.25115703217296,8089.452052482449,1112.018691232299,1134.6590996259797,0.28308047000000003,0.0801369545,0.39333477,0.45471606,0.07259085,0.005269432,0.20107467,0.18701641
Aslan,17.128408527796374,293.3823786950876,16.449308925079364,23.158713730608834,86.78726,7532.0293,-2.660637,-10.965775,1.16771914771747,1.3635680079460144,0.0,0.128173828125,314.2943275698317,98780.92434257267,4209.7412109375,4197.564697265625,5.018047e-06,2.5180797e-11,3.6241858e-07,8.3049383e-07,101.65765396260822,10334.278609181396,829.8178013481113,842.0329419104476,0.30331987,0.09200294,0.37878716,0.44194543,0.049384546,0.0024388332,0.03596429,0.06401097
Aslan,16.121523914000385,259.99144742808664,15.538314881059446,21.719947937181153,60.41679,3650.1885,-6.046878,-4.253761,27.295341755512048,745.0356815501996,0.0,14.29359172952586,462.0424488131391,213494.14157275256,7434.33837890625,7604.376431169181,0.0015956358,2.5460536e-06,0.00062306476,0.0012777246,169.25115703217296,28774.27741862271,1367.6807625938816,1446.707749226755,0.28308047000000003,0.0801369545,0.4012007,0.45471606,0.11279832,0.01272346,0.1395179,0.1670971
Esek,18.35198094143459,336.7952044747784,18.179488123044816,24.61939755420644,62.903847,3956.8938,-4.678438,-6.471293,53.56836655030068,2869.569894867373,43.06640625,60.90518727022059,339.48202549035875,115248.0456310366,4511.2060546875,4521.86710133272,0.0009694946,9.399197e-07,1.849209e-07,0.00012528196,297.1147696903265,88277.18636813578,853.0613621924972,1030.382702437596,0.3147432,0.099063285,0.18157488,0.31022713,0.11239029,0.012632339,0.2331549,0.19718945
Esek,18.88696932575966,356.7176103121864,18.230436478515085,24.581521784556422,59.19551,3504.1084,-4.336876,-7.72518,87.01148672121616,7570.998821436377,139.9658203125,147.3962918133803,420.2034554735975,15570.171613396224,4877.2705078125,4890.008458956866,0.00010264326,1.0535639e-08,2.9400135e-07,1.7614295e-05,117.91816128205848,13904.692760141555,1235.5975628353342,1219.355006742342,0.31538174,0.09946563,0.12004176,0.275688,0.11151778,0.012436216,0.21121804500000002,0.19825916
Esek,10.557895211401876,343.7453670918601,19.59768083834537,22.74923060785105,62.774166,3940.5957,-6.096977,-9.302984,38.527082828805085,1484.3361112976074,129.19921875,129.8021484375,709.4719676684505,503350.4729073429,4495.05615234375,4545.722512637868,0.024315499,0.0005912435,0.0047157253,0.015237466,208.28166571977437,143097.00399358798,1823.226456981508,1895.919919136987,0.3069194,0.09419952,0.18588933,0.30522287,0.05276266,0.0027838983,0.101332024,0.101134814
Esek,18.646247981292177,347.6825637798426,17.736402096361914,24.5436460149064,61.627117,3797.9016,-4.336876,-8.455732,48.87619646201505,2388.882580593493,107.666015625,101.96063701923076,328.60010320483804,107978.0278262302,4801.904296875,4799.143629807692,0.00055341236,3.0626524e-07,5.945607e-07,8.0144484e-05,255.40069939911697,65229.51725355812,1077.7450857497297,1152.4871251189606,0.30959678,0.09585016,0.1840772,0.3077478,0.108820364,0.011841871,0.10693079,0.1541208
Esek,18.267292407851546,333.6939719139506,17.632117937350444,24.086132808745045,62.774166,3940.5957,-4.6182556,-6.068437,56.257602192781455,3164.917804481249,37.68310546875,60.0607479319853,626.3860122056348,392359.43628687767,4478.90625,4545.722512637868,0.001145565,1.3123191e-06,1.344599e-07,0.00015146831,323.5479683624592,104683.28783147488,839.5597811952719,1017.066194286073,0.31485397,0.099133015,0.1675339,0.29877177,0.11239029,0.012632339,0.2111242,0.19825916
Esek,18.73158658590407,350.8723360252212,19.87829516903331,26.019843825463656,65.67336,4312.9907,-3.625414,-7.2971597,62.107670327359855,3857.362713492016,91.51611328125,89.28854054418103,501.78338723623926,251786.56770627364,4495.05615234375,4545.722512637868,0.0005356064,2.8687424e-07,1.2053664e-08,8.361285e-05,110.87795380748548,12293.920640534883,863.0736823209681,867.6707466900252,0.30848518,0.09516311,0.150677,0.27503577,0.114651814,0.013145039,0.21121804500000002,0.19825916
Esek,18.88696932575966,356.7176103121864,18.230436478515085,24.581521784556422,59.19551,3504.1084,-4.336876,-7.72518,87.01148672121616,7570.998821436377,139.9658203125,147.3962918133803,420.2034554735975,15570.171613396224,4877.2705078125,4890.008458956866,0.00010264326,1.0535639e-08,2.9400135e-07,1.7614295e-05,117.91816128205848,13904.692760141555,1235.5975628353342,1219.355006742342,0.31538174,0.09946563,0.12004176,0.275688,0.11151778,0.012436216,0.21121804500000002,0.19825916
Esek,19.44406704500312,343.7453670918601,18.519267685378427,25.490081549725545,59.836,3580.3467,0.94087327,-6.9552688499999995,18.66298347878962,348.3069523295743,10.7666015625,20.12886379076087,382.5544676251712,146347.92069997816,4618.8720703125,4655.150836447011,0.0006053188,3.6641083e-07,2.9758104e-07,8.392292e-05,100.79153350476204,10158.933226241566,1023.119779003679,1047.05066079849,0.31472167,0.099049725,0.22098634,0.3353506,0.08599739,0.007395551,0.21121804500000002,0.19825916
Esek,18.851455315922408,355.3773675282192,18.137315980318157,24.251423206859133,66.86227,4470.563,-4.893424,-6.3588777,55.66187229866965,3098.2440277934074,43.06640625,59.754638671875,673.6249782112668,453770.6112701297,4495.05615234375,4545.722512637868,0.0010060648,1.0121663e-06,1.1364427e-08,0.00012672103,268.9554133732972,72337.01438280116,886.2677026947947,867.4147776263028,0.30763066,0.09463663,0.1732434,0.29687795,0.11239029,0.012632339,0.22059757,0.20128311
Esek,18.433886470407632,339.8081704038776,19.992494938469108,26.567763185074725,65.75138,4323.2437,-3.3343406,-6.915535,50.872394744313326,2588.0005470212377,37.68310546875,52.34795932112069,527.7719600561608,278543.2418215218,4495.05615234375,4545.722512637868,0.0005260692,2.767488e-07,1.2014209e-08,7.864044e-05,113.434192392548,12867.316003749593,863.45447951603,869.3755108948461,0.3086066,0.09523804,0.15005505,0.27504086,0.1146353,0.013141252,0.21121804500000002,0.19825916
Esek,18.540067225849903,343.7453670918601,17.506727028316973,24.81275888074372,63.011227,3970.4148,0.8697776,-6.9552688499999995,18.945573407944117,358.93475175579914,32.2998046875,28.55489979619565,147.14247913205824,21650.9091651282,4705.0048828125,4727.474312160326,9.425576e-06,8.884148e-11,5.694527e-07,2.314084e-06,100.67311160100569,10135.075399428546,1056.5725212512284,1086.2717691390692,0.31265903,0.09775567,0.2242675,0.33786976,0.056434613,0.0031848655,0.16474518,0.16077936
Esek,17.64019364389554,311.1764317941325,19.948618749286965,25.710869608872983,67.89077,4609.1562,-2.9807708,-12.346002,138.6542523322538,19225.00168981631,247.6318359375,291.02450284090907,234.2024325812705,54850.77942698456,4403.5400390625,4358.516068892045,6.898338e-05,4.7587077e-09,2.3907262e-07,1.5665908e-05,118.53681324377146,14050.976093988756,797.4258289316372,824.3874793068327,0.30598715,0.09362813,0.13647324,0.2757463,0.095479615,0.009116356,0.14428274,0.17432198
Esek,18.055199702608085,325.99023630105904,18.20517711899047,24.33699127229613,68.560745,4700.5757,-4.256942,-6.071776,50.04026768227519,2504.028389713755,10.7666015625,41.694192325367645,973.665700607776,948024.8965400317,4495.05615234375,4545.722512637868,0.005670831,3.2158325e-05,1.0621262e-08,0.0006508662,270.65031919442504,73251.59528004416,886.2677026947947,1023.7244483618344,0.3079546,0.09483604,0.18748166,0.30467284,0.11239029,0.012632339,0.21131189,0.19669424
Esek,18.540067225849903,343.7453670918601,18.2556958380397,24.581521784556422,62.774166,3940.5957,-4.336876,-10.910461,67.40780990269201,4543.812835877463,236.865234375,234.3104475635593,414.986100467491,172213.4635812145,4495.05615234375,4545.722512637868,0.00055341236,0.0020447685,2.1199676e-07,8.3767885e-05,208.28166571977437,45601.45560987887,886.2677026947947,1023.7244483618344,0.30095446,0.09057359,0.18053943,0.2989865,0.10193868,0.010391494,0.15363885,0.15881237
Esek,18.88696932575966,356.7176103121864,18.230436478515085,24.581521784556422,59.19551,3504.1084,-4.336876,-7.72518,87.01148672121616,7570.998821436377,139.9658203125,147.3962918133803,420.2034554735975,15570.171613396224,4877.2705078125,4890.008458956866,0.00010264326,1.0535639e-08,2.9400135e-07,1.7614295e-05,117.91816128205848,13904.692760141555,1235.5975628353342,1219.355006742342,0.31538174,0.09946563,0.12004176,0.275688,0.11151778,0.012436216,0.21121804500000002,0.19825916
Esek,18.267292407851546,333.6939719139506,17.632117937350444,24.086132808745045,62.774166,3940.5957,-4.6182556,-6.068437,56.257602192781455,3164.917804481249,37.68310546875,60.0607479319853,626.3860122056348,392359.43628687767,4478.90625,4545.722512637868,0.001145565,1.3123191e-06,1.344599e-07,0.00015146831,323.5479683624592,104683.28783147488,839.5597811952719,1017.066194286073,0.31485397,0.099133015,0.1675339,0.29877177,0.11239029,0.012632339,0.2111242,0.19825916
Esek,18.267292407851546,333.6939719139506,17.632117937350444,24.086132808745045,62.774166,3940.5957,-4.6182556,-6.068437,56.257602192781455,3164.917804481249,37.68310546875,60.0607479319853,626.3860122056348,392359.43628687767,4478.90625,4545.722512637868,0.001145565,1.3123191e-06,1.344599e-07,0.00015146831,323.5479683624592,104683.28783147488,839.5597811952719,1017.066194286073,0.31485397,0.099133015,0.1675339,0.29877177,0.11239029,0.012632339,0.2111242,0.19825916
Esek,18.540067225849903,343.7453670918601,17.289160931607142,24.38038424208405,67.402214,4543.0586,-3.4036987,-5.8788304,44.32731242035138,1964.910626411438,10.7666015625,37.0849609375,425.420810479704,180982.86598920825,4495.05615234375,4545.722512637868,0.00041216926,1.698835e-07,3.0679104e-08,4.8008103e-05,161.1626320404318,25973.39396619961,886.787790804741,958.9338336673668,0.30930477,0.09566945,0.21734327,0.3282563,0.11239029,0.012632339,0.17110707,0.18428676
Esek,18.426364446080434,339.53090669977706,19.34391801335208,25.63375630708708,61.428223,3773.4268,-3.9623778,-6.9950027,61.0283112255348,3724.454771040737,86.1328125,88.36038523706897,485.3799337869049,235593.6801229802,4495.05615234375,4545.722512637868,0.00041531984,1.7249056e-07,1.1449632e-07,8.472429e-05,124.64866672723248,15537.290116876671,885.7476145848484,908.739945414748,0.30894792,0.095448814,0.14722933,0.27511233,0.1132628,0.012828462,0.21121804500000002,0.19825916
Esek,18.646247981292177,347.6825637798426,17.736402096361914,24.5436460149064,61.627117,3797.9016,-4.336876,-8.455732,48.87619646201505,2388.882580593493,107.666015625,101.96063701923076,328.60010320483804,107978.0278262302,4801.904296875,4799.143629807692,0.00055341236,3.0626524e-07,5.945607e-07,8.0144484e-05,255.40069939911697,65229.51725355812,1077.7450857497297,1152.4871251189606,0.30959678,0.09585016,0.1840772,0.3077478,0.108820364,0.011841871,0.10693079,0.1541208
Inek,18.52474330474924,343.1661145068516,18.86173729134982,25.73492177335552,59.27142,3513.101,-1.1558263,-9.9074765,12.613354018045191,159.09669958453682,21.533203125,19.86252357219828,546.2379384886708,298784.7349820039,5028.0029296875,4942.372186690414,0.015795788,0.00024950693,9.101647e-09,0.0025859843,261.14137462302614,68194.81754000369,909.6073897101362,956.549170716214,0.31828502,0.10130536,0.11946863,0.26165456,0.08992738,0.00809105035,0.13182326,0.15016489
Inek,16.437724477392056,270.1987859946539,21.267471855019917,26.730701791860625,82.49566,6805.5337,-0.89123416,-9.986436,5.133577835166899,26.353621389716864,0.0,2.01873779296875,267.75140680309926,71690.81584503874,4947.25341796875,4982.917785644531,0.0004992229,2.492235e-07,8.5268846e-07,8.624116e-05,232.86726499104788,54227.16310441091,1010.2469006805472,1118.365126910184,0.2973863,0.0884386,0.20860276,0.32237256,0.02768877,0.000766668,0.061265007,0.05558846
Inek,17.735069800653463,314.53270083405044,19.298818944504365,25.60486976325914,64.43743,4152.182,-0.7833246,-2.7538722,0.0,0.0,0.0,0.0,643.4567564275931,414036.5973923189,4774.98779296875,4695.97993738511,0.00043764315,1.9153153e-07,5.683235e-07,6.8656846e-05,119.93931836859105,14385.440090722244,1115.5699142443618,1123.875010075906,0.30596323,0.09361352,0.24638423,0.34848613,0.064877816,0.004209131,0.0885988,0.11637246
Inek,17.110851791484812,292.781249030159,20.735127280094765,25.669895768307327,67.8537,4604.124,0.58803624,-4.878961,2.4662130817293137,6.082206964492798,0.0,0.59814453125,566.4579666204786,320874.6279478073,5167.96875,5242.138671875,0.0005289239,2.7976046e-07,7.6593346e-07,6.763888e-05,226.1810569808522,51157.87053697551,1354.831920265074,1476.6856036883812,0.3004748,0.0902851,0.29103014,0.3657413,0.084806144,0.007192082,0.15135232,0.14138207
Inek,17.87345890353195,319.4605331762455,20.07904559315199,26.285012005126223,65.8582,4337.43555,-2.0443792,-12.884683,0.0,0.0,0.0,0.0,837.7075805717758,701753.9905474182,5017.236328125,4904.88918138587,8.5802145e-05,7.3620083e-09,2.1509222e-06,1.2621401e-05,296.6467619121645,87999.30135297241,1211.8984133590666,1256.3330025830303,0.32091597,0.10298705,0.39731473,0.45002335,0.08992738,0.00034157358,0.037605233,0.15016489
Inek,16.55525006151964,274.09011686237056,18.97503501552722,19.93242242999484,65.8582,4337.43555,-3.7647943,-6.2971473,78.86482212549639,6219.660168886185,139.9658203125,141.35009765625,284.4035275162057,80885.3664636612,5028.0029296875,4942.372186690414,0.0007127379,0.002985209,0.0029314193,0.022198759,352.5179535566534,124268.90757977084,1237.0372533026857,1273.4564695215602,0.30830082,0.095049396,0.218164415,0.32718413,0.08992738,0.00809105035,0.13182326,0.15016489
Inek,10.942834370468187,274.09011686237056,20.03300599848535,23.71366744383733,65.49332,4289.3745,1.922601,-10.634322,0.0,0.0,0.0,0.0,526.0179103568629,276694.8420162006,5028.0029296875,4942.372186690414,0.001109424,1.2308218e-06,0.0015097213,0.0015155175,229.52416098595003,52692.516820693214,1237.0372533026857,1273.4564695215602,0.30596323,0.09361352,0.218164415,0.32718413,0.08992738,0.0003271177,0.06827613,0.07245261
Inek,18.593918520497297,345.73380594689246,20.172993848470604,25.669895768307327,66.22308,4385.4966,-2.8019630500000003,-9.54886,21.18559704311561,448.8295220732689,118.4326171875,117.463623046875,546.2379384886708,12532.8216483593,5028.0029296875,4942.372186690414,8.726067e-05,7.614424e-09,2.2417012e-08,7.689721e-06,99.83260768086323,9966.549556361157,929.9490532091858,916.8238471533508,0.303476,0.09209769,0.12516889,0.26642558,0.09195629,0.008455959,0.122555315,0.16432655
Inek,16.55525006151964,274.09011686237056,20.729332847027795,21.063992411551027,65.8582,4337.43555,-4.8209553,-10.429089,63.32429322592119,4009.966112562448,96.8994140625,118.8241299715909,546.2379384886708,6986.477680442747,5028.0029296875,4942.372186690414,0.011743495,0.00013790968,0.00791426,0.011657609,130.24032038837873,16962.54105486754,1237.0372533026857,1273.4564695215602,0.31582835,0.099747546,0.218164415,0.32718413,0.10572032,0.011176785,0.13346367,0.15109538
Inek,17.072755961153202,291.4789961090922,21.44867001908574,25.669895768307327,73.27353,5369.01,-2.8019630500000003,-13.322463,95.3925912124857,9099.746458232405,129.19921875,111.895751953125,640.4199133543324,410137.66542077065,5028.0029296875,4942.372186690414,0.00046874196,2.1971903e-07,1.657013e-08,6.895572e-05,138.4553264143388,19169.877412501104,873.1708333397727,898.8377358148772,0.31181845,0.09723075,0.218164415,0.32718413,0.10625835,0.011290837,0.13018285,0.1492344
Inek,17.744224966586064,314.8575196648161,20.740921713161736,25.669895768307327,76.86595,5908.374,-1.4317343,-11.200713,0.0,0.0,0.0,0.0,227.6810960769863,51838.68151081787,5038.76953125,4942.372186690414,4.0947685e-05,1.676713e-09,1.6043089e-06,5.7846814e-06,242.78753113053747,58945.7852724617,1262.1760932463046,1290.57993646009,0.30608314,0.09368689,0.2845372,0.38201362,0.038587447,0.0014889911,0.03502907,0.05606821
Inek,16.672775645647224,277.9814477300872,20.735127280094765,25.669895768307327,65.46386,4285.517,-6.633496,-11.675427,62.04181123298549,3849.186341069405,183.0322265625,154.22429265202703,478.100531892874,228580.11859624903,5028.0029296875,4942.372186690414,0.0007127379,5.4178283e-07,7.1661295e-09,0.0067600566,180.18646184229556,32467.16103124502,1237.0372533026857,1273.4564695215602,0.31408533,0.09864959,0.15565415,0.2969497,0.08992738,0.020044679,0.13182326,0.15016489
Inek,16.55525006151964,274.09011686237056,21.80945181898573,21.9676149384128,65.8582,4337.43555,-2.274023,-9.9074765,19.602678530443043,384.2650055678926,75.3662109375,63.324617084703945,546.2379384886708,758.0338186298051,5028.0029296875,4942.372186690414,0.0008965519,8.038052e-07,0.0009808014,0.0013302641,229.52416098595003,1333.3079947903343,1237.0372533026857,1273.4564695215602,0.30596323,0.09361352,0.29975778,0.38874963,0.065054,0.0042320224,0.13182326,0.21986309
Inek,16.14122254506533,260.5390652493253,20.735127280094765,25.669895768307327,76.0011,5776.1665,-2.8019630500000003,-14.758605,116.90267657522082,13666.235790450684,161.4990234375,137.9391659007353,626.0445966208497,391931.8369581624,5028.0029296875,4942.372186690414,0.00018093524,3.273756e-08,1.585148e-08,3.1233318e-05,129.68334510538094,16817.769997721327,834.4170222131919,841.1366473605902,0.31646755,0.10015172,0.218164415,0.32718413,0.107034534,0.011456391,0.12638798,0.14699315
Inek,16.55525006151964,274.09011686237056,20.58158571252779,20.861339238666503,65.8582,4337.43555,-2.8019630500000003,-9.9074765,16.63955625248203,276.8748322795138,43.06640625,39.8524953358209,546.2379384886708,298784.7349820039,8010.3515625,8361.953416511195,0.003899816,1.5208564e-05,0.005446983,0.00641871,348.65551369295906,121560.66722850114,1661.1964682581502,1722.7024232020349,0.3006583,0.0903954,0.3585739,0.42640233,0.08789847,0.0077261417,0.16304536,0.16035295
Inek,16.55525006151964,274.09011686237056,21.18043662508169,21.3364270918301,65.8582,4337.43555,-3.3299031,-9.9074765,28.378727591386063,805.3521797060966,0.0,10.228271484375,809.4119091703944,655147.6387068629,8338.73291015625,8320.250244140625,0.0019154509,3.668952e-06,0.0015332837,0.00213737,179.28442014428137,32142.90330647121,1491.7981853113306,1529.7711572083042,0.3021522,0.09129594,0.22772607,0.3319957,0.08992738,0.00809105035,0.13182326,0.15016489
Inek,16.55525006151964,274.09011686237056,20.735127280094765,23.07296135232242,76.7284,5887.248,-6.186867,-11.899461,37.53512946750208,1408.8859441421432,129.19921875,110.5759079391892,546.2379384886708,1168933.4670123258,5028.0029296875,4942.372186690414,0.0007127379,5.4178283e-07,2.2389708e-05,0.010187061,292.3333516231294,85458.7884712122,1237.0372533026857,1273.4564695215602,0.30584332,0.09354015,0.12741055,0.26458701,0.054712497,0.0029934575,0.15049963,0.14076948
Inek,17.744224966586064,314.8575196648161,20.740921713161736,25.669895768307327,76.86595,5908.374,-1.4317343,-11.200713,0.0,0.0,0.0,0.0,227.6810960769863,51838.68151081787,5038.76953125,4942.372186690414,4.0947685e-05,1.676713e-09,1.6043089e-06,5.7846814e-06,242.78753113053747,58945.7852724617,1262.1760932463046,1290.57993646009,0.30608314,0.09368689,0.2845372,0.38201362,0.038587447,0.0014889911,0.03502907,0.05606821
Inek,17.90722894262877,320.6688484037214,18.99863030368216,25.07548404312504,66.309555,4396.9575,-4.604768,-5.7459745,40.919256829371584,1674.3855794680728,118.4326171875,114.94484485035213,546.2379384886708,3799.940509186972,5028.0029296875,4942.372186690414,2.270077e-06,5.153249e-12,9.900819e-09,4.809221e-07,229.52416098595003,4449.932261965671,783.7942999353023,1273.4564695215602,0.29065242,0.08447883,0.27315867,0.35837033,0.08992738,0.00809105035,0.13182326,0.15016489
Inek,16.55525006151964,274.09011686237056,19.193889512560045,19.78908306941238,65.8582,4337.43555,-6.577855,-9.828517,78.70874648475738,6195.066773201808,10.7666015625,70.47230113636364,546.2379384886708,1038689.2381384352,5028.0029296875,4942.372186690414,0.012259951,0.0001503064,0.004873182,0.01064386,229.52416098595003,52692.516820693214,1732.156863379055,1853.585730594872,0.30555037,0.093361035,0.17568648,0.29948473,0.11753752,0.013815069,0.12957267,0.16154705
Kedi-Part1,17.274469402613896,298.4072931418437,16.63321423720438,23.719544744457547,68.42737,4682.305,1.8152891,-9.185867,159.73650918935752,25515.752368001697,86.1328125,161.74940952034885,466.5753686084087,217692.5745920725,6965.9912109375,7069.40066315407,0.0041747494,1.7428534e-05,1.7165758e-05,0.0008700235,351.68929380586155,123685.35937766562,1389.8112262220586,1415.6642349099045,0.31244123,0.097619526,0.41527250000000004,0.44497264999999997,0.062092185,0.0038673903500000004,0.08530868,0.15295732
Kedi-Part1,18.110496771439543,327.99824213840895,16.67604691044997,24.36154569604045,67.8810775,4608.139300000001,-2.5218782,-6.8065996,71.14620674791325,5061.782734616818,183.0322265625,154.1101792279412,303.6405827189013,5083.44247266908,7472.021484375,7478.143669577206,0.011616592,0.0001349452,0.0001357227,0.0024597298,224.88113141335293,50571.52326574971,1617.1885480850265,1635.8516518886142,0.31861006000000003,0.1015128755,0.3149197,0.38987967,0.07868853,0.0061918846,0.17816325,0.14540827
Kedi-Part1,16.00276714899411,256.08855642492506,16.63321423720438,23.719544744457547,67.8810775,4608.139300000001,0.0,-15.746582,21.117223644201076,69481.59749954939,32.2998046875,192.183837890625,303.6405827189013,92236.62096784104,4532.7392578125,4491.1083984375,0.0034851217,1.262166e-05,3.7596837e-07,0.00048629756000000005,281.3455665190552,79164.9006007876,1617.1885480850265,903.1725653948922,0.31789595,0.101057835,0.41527250000000004,0.44497264999999997,0.062092185,0.017431924,0.12179834,0.15323329
Kedi-Part1,18.65754248459477,348.1038915644588,15.879770601765635,22.499792600895343,78.81401,6211.6484,1.8152891,-4.189865,70.16889581856523,4923.673940396662,10.7666015625,24.19710454252577,297.394184239211,88443.30081930576,7159.7900390625,7110.951846407861,0.0042162733,1.7776962e-05,0.00011202709,0.0008056151,284.4395608402374,80905.8637709871,1617.1885480850265,1635.8516518886142,0.31861006000000003,0.1015128755,0.41527250000000004,0.44497264999999997,0.062092185,0.00044158194,0.0545494985,0.06961087299999999
Kedi-Part1,19.0046956622254,361.17845721380905,19.15743073846165,25.85039633952468,63.94866,4089.4312,-4.6572943,-14.453754,134.7464589497296,18156.60819949117,242.24853515625,236.66336059570312,243.95374100927285,59513.427752419375,7267.4560546875,7216.651153564453,0.00071395165,5.09727e-07,6.320956e-05,0.00031497664,278.2515721978729,77423.93743058809,1625.3936807410862,1660.311063802572,0.3252883,0.10581248,0.20545527,0.32834205,0.044004407,0.001936388,0.06511623,0.06900506
Kedi-Part1,17.19561111947366,295.6890417721662,21.816515676865315,26.060496489417392,56.56466,3199.5605,-1.1058153,-6.2839494,83.82899076604875,7027.299692854285,53.8330078125,94.7845458984375,491.0801166036424,241159.680923447,6314.61181640625,6445.5413818359375,0.00077067205,5.939354e-07,1.1747298e-05,0.00019404947,149.85047903498386,22455.16606701414,1554.4999838023712,1534.2367102830326,0.32774037,0.10741375,0.41527250000000004,0.25853333,0.062092185,0.0038673903500000004,0.10602131,0.22411509
Kedi-Part1,18.020225900796262,324.72854151572864,15.560246660588303,22.93749385902754,55.467957,3076.6943,1.8152891,-5.4185232,5.918285155721562,35.026099184434194,10.7666015625,10.7666015625,250.03739060602467,62518.69670106976,7030.5908203125,6983.148061628822,0.0010981784,1.2059959e-06,1.0213693e-05,8.461828e-05,223.1407226511811,49791.78210529133,1608.9834154289665,1611.3922399746564,0.31932417,0.101967916,0.41527250000000004,0.44497264999999997,0.065549195,0.004296697,0.17850624,0.18839519
Kedi-Part1,15.768939819211186,248.6594630219041,17.400522609488444,23.348846816825827,67.8810775,4608.139300000001,-4.935955,-14.044475,21.552855591557407,464.5255841505274,75.3662109375,73.03829708614865,444.7468408558717,197799.75245127807,6524.560546875,6470.7275390625,0.0010421979,1.0861764e-06,2.0259202e-05,0.00022015828,315.19954148628216,99350.75095316253,1279.4935395655589,1342.844659547461,0.3178698,0.10104122,0.41527250000000004,0.44497264999999997,0.062092185,0.0003881395,0.026672281,0.06961087299999999
Kedi-Part1,14.181602813206675,201.11785835155152,16.135089739817236,21.49220530953944,67.8810775,4608.139300000001,1.8152891,-2.4456294,2.4116523714468334,5.816067160705136,0.0,0.570415976821192,303.6405827189013,92236.62096784104,7095.1904296875,7090.176254780965,0.0074916705,5.6125125e-05,2.2068963e-07,0.0005436399,281.3455665190552,79164.9006007876,1617.1885480850265,1635.8516518886142,0.31861006000000003,0.1015128755,0.41527250000000004,0.44497264999999997,0.05744181,0.0032995613,0.074153975,0.083529614
Kedi-Part1,19.370034033772168,327.99824213840895,16.791023234158864,25.328418151307467,67.04534,4495.0776,1.8152891,-5.4185232,6.431779284396937,41.36778476319757,0.0,3.558453058792373,180.78929953304743,32684.770825649943,7278.22265625,7292.912680415784,0.02877177,0.0008278147,1.9654371e-05,0.004444339,218.5795996258497,47777.04137259677,1760.577941105132,1824.9042041217128,0.31861006000000003,0.1015128755,0.41527250000000004,0.43645594,0.077674605,0.0060333437,0.10307684,0.10490034
Kedi-Part1,19.367473421956305,327.99824213840895,15.902824445799364,23.15151589341936,54.1995,2937.586,-2.542815,-4.553097,15.429600832185592,238.07258184058236,53.8330078125,59.08436494715073,248.67862464830188,61841.05835697101,7256.689453125,7259.724156996783,0.0034851217,1.262166e-05,0.00018331036,0.008329836,233.3805193217184,54466.466798874986,1762.90549741571,1784.4123147134098,0.2929275,0.085806526,0.41527250000000004,0.44497264999999997,0.041462805,0.0017191641,0.043982767,0.0567704
Kedi-Part1,15.63992036699216,244.60710908585617,16.63321423720438,20.476821540457887,81.68451,6672.3594,1.8152891,-4.479913,20.681591696844748,427.7282351149976,0.0,9.43189888946281,563.5177154150758,317552.2155866264,6761.42578125,6599.630157218492,0.00014538199,2.1135923e-08,3.946735e-05,5.9238388e-05,207.0268980166615,42860.13650240116,1323.5155680086118,1323.850140899844,0.31861006000000003,0.1015128755,0.41527250000000004,0.44497264999999997,0.030304011,0.0009183331,0.0545494985,0.06961087299999999
Kedi-Part1,19.44387906803553,327.99824213840895,16.590381563958793,23.624747052848893,64.98865,4223.524,1.8152891,-5.4185232,90.00036900355735,8100.066420776488,161.4990234375,193.946315817637,282.9409061917783,80055.55639662468,7321.2890625,7258.606793129281,0.0057533896,3.310149e-05,0.00040796044,0.0018332129,314.18043354003555,98709.3448194047,1617.1885480850265,1819.844078828194,0.32139257,0.10329317,0.33602196,0.40834713,0.07740219,0.0059910994,0.0545494985,0.044049542
Kedi-Part1,18.200767642082827,331.2679427610892,16.63321423720438,21.885455225371164,82.421326,6793.2744,1.8152891,-4.2588153,10.587170422088576,112.0881775463472,10.7666015625,14.403966955236486,380.7664236034408,144983.06934375496,7235.15625,7135.346943623311,0.0005847862,3.4197487e-07,5.2168212e-05,0.00011908276,325.85628068596645,106182.31566249134,1838.810223696194,1773.3372204980624,0.30521798,0.09315802,0.41527250000000004,0.44497264999999997,0.02771752,0.0007682609,0.027632289,0.06961087299999999
Kedi-Part1,17.94862460971245,322.15312538037546,15.47776993267138,22.66462444747124,67.051704,4495.931,1.8152891,-5.4185232,5.701756691973821,32.51002937446825,0.0,1.7076621433752417,174.51821513061645,30456.60741237613,7299.755859375,7288.90595722014,0.00040088783,1.6071105e-07,6.728753e-05,0.0001176371,287.1116905062642,82433.12282536486,1617.1885480850265,1635.8516518886142,0.28853223,0.08325085,0.41527250000000004,0.44497264999999997,0.058635175,0.0034380837,0.03289086,0.056821633
Kedi-Part1,18.92583410964337,358.1871967457405,18.57754727625972,25.41247320973432,82.05681,6733.3193,-0.5558311,-11.999586,18.66960597738482,348.554187350803,75.3662109375,83.34147135416667,248.51401446859543,61759.21538729726,6976.7578125,6963.864474826389,0.0013553249,1.8369055e-06,0.00016693208,0.00042895522,166.17174485567523,27613.048788379623,1544.142861479086,1580.1752444657616,0.32693553,0.10688684,0.22478694,0.33369634,0.062092185,3.314051e-05,0.0545494985,0.06961087299999999
Kedi-Part1,19.185185573189724,327.99824213840895,16.63321423720438,23.8143424360662,69.56794,4839.6978,1.8152891,-5.4185232,15.524010154545495,240.99489127843168,10.7666015625,11.35494044569672,309.8869811985917,96029.94111637631,7202.8564453125,7122.548187756148,0.000834076,6.9568284e-07,4.0121726e-05,0.0001468283,250.02268721184296,62511.34412063107,1850.5949419545152,1827.494851404776,0.31861006000000003,0.1015128755,0.41527250000000004,0.44497264999999997,0.080063,0.006410084,0.036840737,0.085201316
Kedi-Part1,14.887629926129522,221.6415248173873,18.93546316283659,24.485184597611088,67.8810775,4608.139300000001,1.8152891,-3.5709078,1.877211856893065,3.5239243556599087,0.0,0.2212315389554794,906.0654527163148,820954.6046060203,6083.1298828125,5936.029345368685,0.0051241564,2.6256977e-05,1.40545e-06,0.00027884613,322.1129943639842,103756.78113813214,1007.0416693136692,1109.1618471728862,0.31861006000000003,0.1015128755,0.3920446,0.45348936,0.03715763,0.0013806893,0.07018745,0.070216686
Kedi-Part1,18.110496771439543,327.99824213840895,15.67482529895009,22.896974041439933,60.417725,3650.3015,1.8152891,-15.327282,96.8266445236841,9375.399089715884,129.19921875,168.9888332201087,293.99673267741144,86434.07882499332,7342.822265625,7285.556428328804,0.002795494,7.814786e-06,0.00043486824,0.0011105776,324.83134062798393,105515.39985417332,1617.1885480850265,1897.246125317529,0.29761848,0.08857676,0.41527250000000004,0.44497264999999997,0.07863162,0.006182931,0.0545494985,0.0475907
Kedi-Part1,17.977143896178497,323.17770266390784,19.54773892529741,25.94144756069649,67.334785,4533.9736,0.7993795,-6.5303006,53.81740496541412,2896.31307721138,10.7666015625,42.91259765625,431.87952260079777,186519.922041893,6406.1279296875,6445.810546875,0.005395054,2.9106604e-05,1.4337716e-05,0.000769332,182.98331580701287,33482.893863729005,1533.8067467589458,1541.1901226921204,0.31861006000000003,0.1015128755,0.2439388,0.3463588,0.062092185,0.01888283,0.07643774,0.13812685
Kopek-Part1,14.76484567839358,218.00066790677752,25.98569060613314,28.95831272991613,76.067533,5786.5054,-8.447941499999999,-14.155437,105.14007854957433,11054.43611741066,139.9658203125,121.39892578125,664.2509124297503,964909.7330868244,5507.11669921875,5329.35791015625,0.00019281557,3.7177845e-08,3.2779553e-06,2.873761e-05,102.7339003214467,10554.254275256944,920.8317286770356,915.6820466228604,0.3180515,0.10115676,0.06834082899999999,0.22187113,0.054705996,0.002992746,0.042884335,0.0622389
Kopek-Part1,14.162049676702535,200.5636510453904,25.98569060613314,28.95831272991613,81.34686,6617.312,-8.447941499999999,-16.88551,78.90724845554517,6226.353858825136,183.0322265625,153.89580480831185,630.2041416678715,397157.2601753386,4177.44140625,4065.224559036727,2.0503474e-05,4.2039247e-10,1.9070474e-06,3.931774e-06,111.28203752504464,4707.525509328563,815.4126148527479,816.223551413542,0.31045666,0.09638334,0.06834082899999999,0.22187113,0.0546841,0.0029903506,0.06822762,0.086069934
Kopek-Part1,14.462393293847338,209.16081978592044,25.98569060613314,28.95831272991613,81.824165,6695.194,-8.447941499999999,-16.359793,100.70925442317734,10142.353926472264,145.34912109375,129.98701886432926,751.6813252299211,565024.8146994103,4252.8076171875,4453.565346322409,2.110481e-05,4.4541304e-10,1.3729396e-06,4.53889e-06,111.28203752504464,8604.690338830535,770.418381329541,816.223551413542,0.31321642,0.09810452,0.06834082899999999,0.22187113,0.07192998,0.0051739216,0.06856063,0.098747395
Kopek-Part1,13.612214161668147,185.29237438311887,25.98569060613314,28.95831272991613,84.02228,7059.7437,-8.447941499999999,-15.69076,86.39746796816266,7464.522471309693,118.4326171875,112.6251775568182,962.3377198039594,926093.886957484,4360.4736328125,4677.794744318182,2.219401e-05,4.9257404e-10,1.0736605e-06,4.2666215e-06,115.08731241350785,13245.089478564358,815.4126148527479,816.223551413542,0.30978325,0.09596565,0.06834082899999999,0.22187113,0.043199994,0.0018662395,0.11259338,0.1062122
Kopek-Part1,14.459618861847815,209.08057762990515,25.98569060613314,28.95831272991613,76.067533,5786.5054,-8.447941499999999,-17.75908,96.61414812123743,9334.293617192408,21.533203125,76.77822425717213,664.2509124297503,1170350.1194931748,4209.7412109375,4502.380971439549,0.00016072165,2.5831453e-08,1.3199207e-06,1.884244e-05,121.54832086735874,14773.994305674396,787.8210304874945,816.223551413542,0.3122344,0.09749032,0.06834082899999999,0.22187113,0.06815614,0.0046452587,0.06098181,0.09450391
Kopek-Part1,13.612795625990431,185.30820475498425,25.98569060613314,28.95831272991613,76.067533,5786.5054,-8.447941499999999,-14.155437,134.08433795061487,17978.6096836547,64.599609375,114.55276076858108,896.9417253192381,804504.4586186516,4134.375,4074.140229096284,5.5628538e-05,3.0945342e-09,3.3148848e-07,7.3879683e-06,109.0996570102186,11902.73515974734,815.4126148527479,816.223551413542,0.2999618,0.089977086,0.06834082899999999,0.22187113,0.061060853,0.003728428,0.09650713,0.11025141
Kopek-Part1,14.21266796024061,201.99993054805,25.98569060613314,28.95831272991613,82.46932,6801.1885,-8.447941499999999,-14.70639,69.90415446744957,4886.590811809049,53.8330078125,75.98587145908273,498.3209686822862,248323.78782845207,4360.4736328125,4491.609290692446,1.2867665e-05,1.655768e-10,1.329245e-06,3.0716465e-06,111.28203752504464,4821.030888316212,814.913076055281,816.223551413542,0.30637506,0.09386567,0.06834082899999999,0.22187113,0.07840175,0.0061468347,0.08304719,0.11013941
Kopek-Part1,18.089500902586902,327.2300429046924,16.776343178313272,23.39135982954763,59.608017,3553.1155,-6.2267466,-10.347983,52.097328823086606,2714.1316705008103,107.666015625,110.90552405973452,402.5060558196695,162011.12497150688,7278.22265625,7119.677302267699,0.002242949,5.030821e-06,0.00012275009,0.00050097215,346.482506017278,120050.12697601304,815.4126148527479,1844.512907736217,0.30493203,0.09298354,0.34813473,0.4077338,0.09697103,0.00940338,0.057653118,0.10090336
Kopek-Part1,13.245862072269787,175.45286203759525,25.98569060613314,28.95831272991613,76.067533,5786.5054,-8.447941499999999,-14.155437,112.2009607657212,12589.05559675091,75.3662109375,113.4564568014706,928.7017135659232,862486.8727802818,4263.57421875,4707.538200827206,1.0117872e-05,1.0237134e-10,1.4969856e-06,4.2795177e-06,111.28203752504464,8997.885216138944,845.8009591414669,870.1733995343615,0.30993205,0.096057884,0.06834082899999999,0.22187113,0.050063718,0.002506376,0.038837835,0.06084982
Kopek-Part1,14.782404133317137,218.51947196071157,25.98569060613314,28.95831272991613,75.581696,5712.5923,-8.447941499999999,-14.254254,87.40174442006342,7639.064927670089,107.666015625,99.591064453125,863.9625862546671,746431.3504478532,4290.49072265625,4529.88447709517,2.0846874e-05,4.3459217e-10,2.1944315e-06,5.3260283e-06,111.28203752504464,8124.9710485395535,809.998312903517,816.223551413542,0.31551674,0.099550806,0.06834082899999999,0.22187113,0.08050405,0.0064809024,0.07929562,0.11531347
Kopek-Part1,12.817819571589094,164.29649856981243,25.98569060613314,28.95831272991613,69.61954,4846.8804,-8.447941499999999,-12.471188,72.79450039159363,5299.039287261726,161.4990234375,134.14750532670453,420.9133635969192,177168.0596544723,4080.5419921875,4088.1547407670455,6.4325113e-06,4.1377204e-11,3.893058e-07,1.1924543e-06,96.06105890942622,9227.727038800256,815.4126148527479,816.223551413542,0.30852628,0.09518846,0.06834082899999999,0.22187113,0.09856379,0.00971482,0.0710472325,0.10355778
Kopek-Part1,14.378481800576877,206.7407388895205,18.100976126106,22.876985983737477,75.57588,5711.714,-5.2784624,-15.169956,132.51909312951696,17561.310043869587,193.798828125,194.91569550700208,796.8417098650524,634956.7105806604,5394.0673828125,5516.297349098807,0.00028747728,8.264319e-08,8.061593e-06,9.9534685e-05,281.6900815330333,79349.30203408696,848.0325381890741,966.6674796555984,0.31763417,0.10089147,0.21520345,0.3365967,0.11024282,0.012153479,0.073214725,0.11423157
Kopek-Part1,13.898957626154065,193.1810230936262,25.98569060613314,28.95831272991613,83.76771,7017.0293,-6.726775,-14.05662,58.52894529517896,3425.637437366052,53.8330078125,71.56147203947368,556.0508643025636,309192.56369162793,4317.4072265625,4360.068873355263,1.9219744e-05,3.6939857e-10,1.8379185e-06,3.7093957e-06,111.28203752504464,4661.522380666067,792.2999347244252,816.223551413542,0.31083196,0.096616514,0.06834082899999999,0.22187113,0.03307334,0.0010938457,0.07521735,0.08134549
Kopek-Part1,16.14658628689189,260.71224872004524,20.97002422381352,26.032463057249945,76.55337,5860.4185,-8.447941499999999,-13.301724,71.76203061240082,5149.789037615153,53.8330078125,78.60776839717742,698.2976831916292,487619.6543507968,6352.294921875,6368.271169354839,1.6267559e-05,2.6463345e-10,6.116467e-06,9.590074e-06,130.57655024098332,17050.235472836044,926.0255622662328,947.3028885800604,0.3098129,0.09598404,0.1839419,0.31218493,0.061112788,0.0037347728,0.06887974,0.08991704
Kopek-Part1,13.094767310993578,171.472930929066,25.98569060613314,28.95831272991613,66.16413,4377.6924,-8.447941499999999,-10.913045,108.62124810089588,11798.575538996374,75.3662109375,122.30186462402344,460.27270527585074,211850.9632219501,4177.44140625,4295.481491088867,6.2025415e-06,3.847152e-11,4.6603876e-07,1.5255088e-06,111.28203752504464,6791.788790333628,815.4126148527479,816.223551413542,0.30744871,0.094524704,0.06834082899999999,0.22187113,0.07218923,0.005211285,0.0710472325,0.10355778
Kopek-Part1,15.539938859818273,241.48969976689008,17.156148110321027,22.252488830426245,71.91927,5172.3823,0.19806105,-7.2599707,65.21475746379953,4252.964591062196,0.0,38.13931739936441,618.2783370219954,382268.1020306842,6589.16015625,6457.588635460805,0.00016241825,2.6379688e-08,2.551793e-05,6.61662e-05,209.7398181542805,43990.79131939065,1209.4958631074326,1221.4068636569184,0.3074123,0.094502315,0.30083072,0.3845286,0.072059605,0.0051926033,0.050456733,0.18176323
Kopek-Part1,14.182718107032152,201.1494929035377,25.98569060613314,28.95831272991613,65.85504,4336.886,-8.447941499999999,-10.196678,66.99380187948478,4488.169490267658,86.1328125,104.36657321068547,574.8215020963635,330419.7592723196,4242.041015625,4390.400154359879,7.7089244e-05,5.942752e-09,7.833087e-07,8.194745e-06,113.46441803987068,12874.17416112653,815.9121536502148,816.223551413542,0.30590263,0.093576424,0.06834082899999999,0.22187113,0.09035927,0.008164798,0.0710472325,0.10355778
Kopek-Part1,16.216565185964708,262.9769864306426,18.117597715659063,23.022541504756965,74.29533,5519.7954,-3.5545175,-9.79755,104.00684091446996,10817.422957007864,64.599609375,105.41192416487068,847.0415537580265,717479.3937928115,5959.31396484375,5891.001734240302,0.00014029663,1.9683146e-08,1.1068318e-05,3.4114717e-05,228.327367517032,52133.3867572578,947.8817383997276,995.4149914308204,0.3236516,0.10475037,0.1491946,0.29670012,0.08980431,0.008064814,0.064023845,0.09598656
Kopek-Part1,16.63655629942637,276.7750055039832,19.39262308641751,25.205099826704103,71.64239,5132.632,-8.447941499999999,-13.496255,85.69818075379008,7344.178184509277,107.666015625,99.4833984375,626.1500027523819,392063.8259468079,6492.2607421875,6521.5458984375,2.1204942e-05,4.4964954e-10,1.4289974e-05,1.9267245e-05,141.7951791781261,20105.87283815688,1044.330958704348,1072.1495174463248,0.31588066,0.09978058,0.27221715,0.36662808,0.06952965,0.004834372,0.06447336,0.09608627
Kopek-Part1,19.25599398779811,207.91065825971282,15.573859937550129,22.00866671706552,76.067533,2836.1975,0.025238961,-3.910041,28.653413508621547,821.0181056960558,64.599609375,65.57839133522727,185.54502449921492,34426.95611641427,7224.3896484375,7285.563520951705,0.006461819,4.1755105e-05,0.0001436294,0.0016405992,346.58087272544816,120118.30133913328,1735.722291115521,816.223551413542,0.29227507,0.085424714,0.36260188,0.43159693,0.117836036,0.013885331,0.110222146,0.14372228
Koyun,18.187988934401183,330.80294147789994,16.771490096592093,23.740379559003213,72.71478,5287.44,-0.43700551000000004,-4.1913815,30.18566377161125,911.1742973327636,0.0,12.9638671875,787.538483088123,620216.8623447418,5006.4697265625,4913.3935546875,0.00010759502,1.1576689e-08,5.16882e-07,9.820171e-06,284.24737337124844,80796.56926845392,1145.471844636798,1198.3638330532408,0.29389605,0.08637489,0.24104097,0.3508948,0.060976923,0.003718185,0.06073976,0.18043649
Koyun,17.739663858140048,314.71135855594144,21.029804746023316,25.10396155951645,73.63385,5421.9443,-0.43700551000000004,-8.915164,44.11785720022832,1946.3853239397367,226.0986328125,225.36454634232956,176.7013211048124,31223.35688018602,5076.45263671875,5043.083251115593,9.206018e-05,8.4750775e-09,1.6190985e-08,2.1088736e-05,129.69079690629462,3558.502552645028,866.0968586498782,863.4113343499099,0.29528494000000005,0.08719513,0.11429796,0.3508948,0.038368493,0.0014721412,0.19039136,0.1826976
Koyun,17.614425061670463,310.2679702532045,19.03447049331426,24.304708136142203,71.67223,5136.9087,-1.2088839,-3.5444791,31.11644168292357,968.2329430067836,0.0,17.61807528409091,182.464023268108,33293.11978718466,5076.45263671875,5043.083251115593,1.8430967e-05,3.3970052e-10,3.4132597e-08,5.287307e-06,178.68012854395224,31926.58833648329,1158.9558283248036,1220.3414527834054,0.31224957,0.09749979,0.33456218,0.42812896,0.060976923,0.003718185,0.17861006,0.162833705
Koyun,17.739663858140048,314.71135855594144,19.636400533722785,26.11360110234769,65.09437,4237.2764,-1.994241,-10.1793585,155.23680012949006,24098.464114443243,376.8310546875,329.3313419117647,852.0091107799067,725919.5248519673,4812.6708984375,4916.748046875,0.000863309275,7.516682999999999e-07,3.0584636e-07,0.019679427,305.1807147566547,93135.26865938264,1071.197455199406,1132.073420047275,0.29528494000000005,0.08719513,0.2037637,0.31088865,0.09439123,0.008909703,0.157405245,0.20574519
Koyun,17.873511102345592,319.4623991256711,17.783050885026952,23.714415709204307,72.242775,5219.0186,-0.95656323,-6.8360977,101.77424806381433,10357.997568954816,193.798828125,148.0915573408019,289.27193554636006,8834.245577958522,4984.9365234375,4989.811965654481,8.642233e-05,7.46882e-09,4.141779e-07,2.5221816e-05,115.85219371998993,13421.730789734074,1083.3752768886825,1108.7590334415836,0.29061437,0.084456705,0.34221753,0.4125246,0.060976923,0.018219545,0.157405245,0.20013693
Koyun,18.72661567468045,350.6861346271874,16.671732841923188,22.3523857347329,68.71081,4721.175,0.19909352,-6.6773901,4.306640625,18.54715347290039,0.0,2.1533203125,337.44494299037865,113869.08954977988,4861.12060546875,4945.10009765625,0.0007835258,6.139127e-07,6.7585967e-07,0.00029085556,105.83632190940035,11201.327035310222,1170.6892931847092,1191.526797606804,0.29528494000000005,0.08719513,0.24104097,0.3508948,0.03662464,0.0013413642,0.16317225,0.1544736
Koyun,15.927646142314613,253.68991163478955,19.38071490170182,25.10396155951645,69.000925,4761.21175,1.4733847,-6.5186825,0.0,0.0,0.0,0.0,494.5797545162426,244609.1335773468,8042.6513671875,8139.55078125,0.0012784188,1.6343547e-06,0.0028018104,0.0030550763,187.2153579838817,35049.59026503296,1591.6911638222723,1632.4974112886143,0.28844613,0.08320118,0.28581262,0.37409213,0.0937759,0.008793919,0.09787173,0.12593639
Koyun,17.739663858140048,314.71135855594144,20.714321585950422,23.04006044769835,66.80893,4463.4326,-0.11621842,-5.5150576,17.430302485289523,303.8154447286902,43.06640625,39.46129984445702,289.27193554636006,83678.25269473749,6438.427734375,6770.487264917986,0.004475467,2.0029805e-05,0.00056839467,0.0016934362,330.96408679753466,109537.22674972605,1147.222363464898,1254.888977794497,0.3124518,0.097626135,0.18086281,0.30734164,0.032725647,0.0010709679,0.08696247,0.07623348
Koyun,17.739663858140048,314.71135855594144,19.12502926968085,25.9032149828907,71.9467,5176.328,-5.0382137,-11.226843,103.47637267011214,10707.35970096393,183.0322265625,185.93416213989255,333.4965543406473,111219.95175708432,5076.45263671875,5043.083251115593,0.00066683406,4.446677e-07,4.3479154e-08,5.512089e-05,107.36596156119388,11527.44970195976,841.3110037327932,870.6082498055615,0.29528494000000005,0.08719513,0.37272245,0.44222483,0.092181996,0.00849752,0.15163824,0.14871213
Koyun,17.739663858140048,314.71135855594144,20.747585054047526,25.10396155951645,69.29104,4801.2485,-3.2658863,-9.12778,35.36341845431885,1250.5713647752586,118.4326171875,121.9459292763158,666.5928664199679,444346.0495619892,5076.45263671875,5043.083251115593,0.00094309275,8.894239e-07,3.3438727e-08,0.00011744722,127.65081079788968,16294.729497358629,1015.244947263754,1022.9390705698912,0.30560473,0.09339424,0.12947507,0.2677714,0.041351724,0.0017099652,0.14209718,0.14909634
Koyun,17.739663858140048,314.71135855594144,19.38071490170182,25.10396155951645,53.813522,2895.895,-0.43700551000000004,-10.288407,0.0,0.0,0.0,0.0,199.0118071767625,39605.699395760894,5076.45263671875,5043.083251115593,0.0049472274,2.447506e-05,0.0050737145,0.006646482,243.12326640358523,59108.92266674867,1158.9558283248036,1220.3414527834054,0.29714137,0.088293,0.12823305,0.3508948,0.060976923,0.000508016,0.07004591,0.06614748
Koyun,17.4760049625171,305.4107494499222,17.286899087995735,23.10859423183997,60.2006,3624.112,-0.43700551000000004,-4.7121654,31.70276995393925,1005.0656227523932,118.4326171875,113.3326480263158,289.27193554636006,616.1690914069517,5189.501953125,5178.546463815789,0.00014619183,2.1372053e-08,9.681718e-07,3.2357373e-05,129.69079690629462,1627.9632984992377,1484.0034804716545,1475.1279719585975,0.30039665,0.09023814,0.23138115,0.34725127,0.08006679,0.006410691,0.19403993,0.17119381
Koyun,16.7409383827119,280.2590179337565,19.38071490170182,25.10396155951645,79.19022,6271.0913,-0.43700551000000004,-6.6773901,120.34069070581128,14481.881839551736,80.74951171875,81.21743818219198,289.27193554636006,1996.5692266093083,5232.568359375,5224.5802356350805,0.0009621525,9.257374e-07,7.6226263e-07,0.00020950042,129.69079690629462,2645.002606110354,1348.9067096799224,1356.0025214304887,0.28864858,0.083317995,0.23893988,0.33782095,0.031049823,0.00096409157,0.10534096,0.10501621
Koyun,18.847577431413043,355.2311750331103,20.51611202137924,25.10396155951645,83.13315,6911.1206,-0.43700551000000004,-10.200909,0.0,0.0,0.0,0.0,289.27193554636006,14641.43718376277,4893.42041015625,4859.248153023098,4.483962e-05,2.0105917e-09,1.6350475e-06,9.855248e-06,129.69079690629462,5660.97503521696,1218.5911881928137,1242.31907251357,0.29927632,0.08956631,0.25158393,0.35332787,0.060976923,0.00024414135,0.0610044,0.056090504
Koyun,17.739663858140048,314.71135855594144,17.75949810663277,25.10396155951645,69.000925,4761.21175,-0.7577926,-4.539727,120.9791673662695,14635.958936635849,339.14794921875,289.0598462975544,289.27193554636006,83678.25269473749,5076.45263671875,5043.083251115593,0.018508514,0.0003425651,7.190611499999999e-07,0.00016347382,187.53069957969703,35167.76328485059,1158.9558283248036,1220.3414527834054,0.29031533,0.08428299,0.24104097,0.3508948,0.060976923,0.003718185,0.20540354,0.18303992
Koyun,17.739663858140048,314.71135855594144,17.75949810663277,25.10396155951645,69.000925,4761.21175,-0.7577926,-4.539727,120.9791673662695,14635.958936635849,339.14794921875,289.0598462975544,289.27193554636006,83678.25269473749,5076.45263671875,5043.083251115593,0.018508514,0.0003425651,7.190611499999999e-07,0.00016347382,187.53069957969703,35167.76328485059,1158.9558283248036,1220.3414527834054,0.29031533,0.08428299,0.24104097,0.3508948,0.060976923,0.003718185,0.20540354,0.18303992
Koyun,17.864902654609637,319.1547468586784,17.712870106716416,23.835599098107625,54.17487,2934.9165,-0.43700551000000004,-6.6773901,39.05089253187924,1524.972207536382,43.06640625,49.10222833806818,289.27193554636006,14597.074952253628,5146.435546875,5096.354536576705,0.00013070388,1.7083504e-08,1.8271638e-07,2.6283327e-05,121.60149666058196,14786.923990093526,1299.0724771220544,1287.447609455396,0.30140823,0.09084692,0.24104097,0.3508948,0.060976923,0.003718185,0.157405245,0.162833705
Koyun,17.348515096396135,300.97097604988454,21.944783253300216,25.10396155951645,69.000925,4761.21175,-0.43700551000000004,-13.39589,0.0,0.0,0.0,0.0,446.4316655901501,199301.2320415956,4414.306640625,4426.589664942781,2.3835939e-05,5.6815197e-10,3.380191e-07,2.5476581e-06,131.73078301469957,17352.99919366586,934.3591327834654,950.6482256951105,0.29528494000000005,0.08719513,0.24104097,0.3508948,0.040737696,0.0016595598,0.034166276,0.058562916
Koyun,18.359055687826917,337.0549257487297,17.735180917565906,23.931095162926127,69.000925,4761.21175,-2.822614,-6.6773901,4.795032743995834,22.99233901599221,0.0,2.9363458806818183,289.27193554636006,6117.159695911014,7590.4541015625,7611.497913707386,0.010996957,0.00012093307,0.00025024067,0.004590643,100.23020326740752,10046.09364702583,1855.9310027308327,1875.7255766800629,0.29667383,0.08801537,0.20811582,0.3290359,0.06610934,0.0043704445,0.19225042,0.17129242
Koyun,13.739606166844531,188.77677761999232,19.38071490170182,25.10396155951645,69.000925,4761.21175,0.0,-6.6773901,164.7206000083844,27132.87606712216,80.74951171875,81.21743818219198,289.27193554636006,83678.25269473749,5275.634765625,6447.432528409091,0.000863309275,7.516682999999999e-07,0.00014101576,0.021979893,129.69079690629462,16823.864345512244,846.8246260307118,1107.216034474603,0.29833815,0.08900564,0.24104097,0.3508948,0.060976923,0.0007324739,0.057055313,0.049372043
Kurbaga,19.54021425552088,288.9582166317048,16.152503973465315,21.951776126975258,70.97373,5037.2705,-0.9457331,-12.203544,78.93145331920584,6230.17432308197,231.48193359375,238.1572265625,148.15000240475268,21948.42321252823,4995.703125,4998.7177734375,0.00013052122,1.7035788e-08,6.915361e-07,2.1353653e-05,124.39137615759518,15473.214462380338,796.6163536206827,832.4618189342946,0.3130928,0.0980271,0.34013404,0.40851175500000003,0.05643188,0.0031845567,0.102764785,0.10970798
Kurbaga,17.413330301199636,303.22407217867743,17.19525532904779,23.288808630078854,79.208496,6273.9863,-0.826730575,-3.1318758,13.769851149018011,189.60880066611264,10.7666015625,12.1124267578125,626.3776138614443,392348.9151467566,5211.03515625,5121.573197214227,0.0007019218,4.926942e-07,7.5509433e-07,6.864483e-05,218.384474719373,47691.778798456464,1190.4446152661108,1186.1789218333254,0.31338685,0.098211395,0.37215334,0.40746194,0.08754074,0.0076633804,0.09268165,0.112147585
Kurbaga,17.1331812481599,293.545899682298,18.398696419692392,23.862540406539267,66.62714,4439.175,-0.82856375,-9.3138265,33.04383608866546,1091.8951034545898,32.2998046875,35.15625,271.3449572991348,73628.08585166931,4403.5400390625,4416.943359375,5.2512278e-05,2.7575393e-09,2.1136158e-07,9.758317e-06,103.24526392239024,10659.584522404017,956.6557243722256,982.1582394292108,0.30796865,0.09484469,0.33547464,0.40956157,0.09610472,0.009236117,0.22627312,0.21524838
Kurbaga,16.998235386241,288.9582166317048,18.78317326078981,20.16480390931887,78.85165,6217.5825,0.19746464,-13.959243,36.95464675516452,99784.57666272168,43.06640625,54.74543167372882,520.8886421021834,271623.4293087767,6136.962890625,6514.158914856992,0.00068022285,4.6317393499999996e-07,0.0005315631,0.0114575615,223.58145145608182,50015.67400241016,1007.3177907129214,1296.5171330663677,0.31458607,0.09896439,0.16029364,0.2976492,0.09932611,0.009865677,0.1662146,0.15069047
Kurbaga,16.032644245064294,257.04568148879326,18.177220782681463,22.11727056827912,78.71732,6196.417,-4.40779,-9.138281,41.73431170539812,1741.7527735233307,134.58251953125,120.73974609375,520.8886421021834,271623.4293087767,4818.05419921875,4813.157958984375,0.0021398538,4.578974e-06,2.7714849e-08,0.00064513535,215.59314994369257,46480.40630264351,1005.9598067048391,1114.1877930734715,0.3136809,0.09839569,0.14808914,0.2808786,0.058585767,0.003432292,0.17155054,0.15935683
Kurbaga,18.20779809979987,331.52391164307573,17.554511955235682,23.5234901713771,78.22313,6118.8584,-1.9036474,-9.835074,54.14787841436085,2931.992736776406,43.06640625,55.657855534957626,240.0968452315394,57646.495090137774,4769.6044921875,4841.685977224576,0.00010558774,1.114877e-08,1.4356789e-06,2.8113656e-05,268.7982269951791,72252.48683575183,1004.6018226967568,1120.1838572564277,0.31338685,0.098211395,0.18642606,0.33358386,0.0538786,0.0029029036,0.08904311,0.082927294
Kurbaga,17.377025085332622,301.96100081627924,17.657751523972003,21.928602298131892,74.70758000000001,5582.0292,0.20627773,-9.952409,32.377925637512,1048.3300685882568,21.533203125,31.6162109375,941.9350129204078,887241.5685653687,4748.0712890625,4803.955078125,0.003484522,1.2141893e-05,1.2937874e-06,0.0007304427,228.77842819279064,52339.56920636386,1160.2472371531485,1202.6227685784077,0.31338685,0.098211395,0.34013404,0.40851175500000003,0.036327347,0.0013196762,0.053158436,0.054704424
Kurbaga,12.029512957817316,144.7091820022947,17.657751523972003,21.928602298131892,54.581516,2979.1418,-0.826730575,-9.489372,35.161196944713524,1236.3097705849316,91.51611328125,104.81603285845588,432.7879302276834,187305.39255076216,4818.05419921875,4813.157958984375,0.025593517,0.0006550281,0.009221822,0.016314873,267.732397973307,71680.63692453725,1655.5170466181075,1671.9745315054015,0.31338685,0.098211395,0.34013404,0.27724224,0.0644263075,0.00026628078,0.047759745,0.047863655
Kurbaga,19.092412694362785,288.9582166317048,17.657751523972003,21.30554164739905,70.91279,5028.624,-0.826730575,-3.0610127,24.96945238208608,623.4735522612641,0.0,18.29369469026549,431.9725494666439,186600.28349271213,5071.0693359375,5062.494166551438,0.0013347317,1.7815086e-06,3.733163e-06,0.0001543467,217.8578818477305,47462.05668317971,1306.4534750644589,1343.1089324641257,0.31338685,0.098211395,0.34013404,0.40851175500000003,0.091631725,0.008396373,0.048159253,0.086942166
Kurbaga,18.87165492033826,356.13935943232724,17.657751523972003,21.905428469288523,86.23608,7436.661,-3.6310227,-6.1274853,6.516834742414541,42.4691350599412,0.0,2.1136886503067487,503.6128834294024,253625.93635607688,4818.05419921875,4813.157958984375,0.00016062909,2.5801704e-08,1.0776839e-07,1.6892458e-05,161.93040381555286,26221.455679868017,773.422682253356,1114.1877930734715,0.31338685,0.098211395,0.34013404,0.40851175500000003,0.036393844,0.001324512,0.0546299,0.062379487
Kurbaga,16.858405892724946,284.2058492438632,17.760991092708323,23.8320829728416,71.714325,5142.945,-0.826730575,-6.6585865,46.409232046985856,2153.816819190979,96.8994140625,70.5810546875,287.3012156117896,82541.98849201202,4419.68994140625,4513.5986328125,2.2480003e-06,5.053506e-12,3.1605916e-07,1.1207578e-06,128.62744541516528,16545.01971403132,922.5140933223936,961.9443948445294,0.29107016,0.08472183,0.35992372,0.438587,0.068343855,0.004670883,0.15389797,0.14445356
Kurbaga,18.1728007771848,330.25068808724853,19.291503227086544,25.46583584598448,74.70758000000001,5582.0292,-0.826730575,-12.49721,0.0,0.0,0.0,0.0,538.1644007749644,289620.9222614765,5006.4697265625,4822.36083984375,0.00033488547,1.1214827e-07,7.29496e-07,2.2813818e-05,322.3211183304741,103890.90332180748,1256.8919351802615,1201.2635012293322,0.3227969,0.104197845,0.16854602,0.29829684,0.036070112,0.001301053,0.046692565,0.0614533
Kurbaga,16.465024678224275,271.09703765453435,16.124883948039503,21.44567527630889,73.80904,5447.7734,-0.826730575,-12.504708,37.10670818663395,1376.907792448007,161.4990234375,153.5657380756579,248.2903385562244,61648.09222036451,4748.0712890625,4760.537880345395,0.00041756386,1.7435957e-07,7.873803e-07,0.00014726701,123.41552420176087,15231.391613995427,924.4164337310748,980.2470833224444,0.31497565,0.09920965,0.29267132,0.4011288,0.06050876,0.0036613103,0.13299546,0.120288074
Kurbaga,16.998235386241,288.9582166317048,15.755531901861309,21.928602298131892,74.70758000000001,2829.5562,-0.826730575,-3.86612,48.79921018868095,2381.3629150390625,43.06640625,52.63671875,520.8886421021834,271623.4293087767,7838.0859375,8335.14404296875,0.0026233308,6.8818645e-06,0.0009702869,0.0023675049,223.58145145608182,50015.67400241016,1268.4580733584658,1480.4088422186446,0.2970072,0.08821327,0.38216126,0.44253442,0.0923088,0.008520913,0.0982522255,0.21883303
Kurbaga,16.863289524322102,284.37053358111154,18.69327876702004,23.99961135405026,66.64372,4441.386,-0.8248974,-9.3138265,33.15614855262704,1099.330186843872,10.7666015625,34.0576171875,277.40284894513024,76952.34060287476,4392.7734375,4430.56640625,6.281979e-05,3.9463255e-09,2.1111447e-07,1.4014613e-05,109.8044256937859,12057.01190194215,958.964771978748,986.5500209969288,0.3081156,0.09493522,0.34479344,0.410747,0.09612843,0.009240674,0.2262911,0.21494901
Kurbaga,16.998235386241,288.9582166317048,18.083169337104223,24.55646771447992,75.60612,5716.285,-2.2495215,-12.337092,117.20567550795909,13737.170371276998,10.7666015625,61.35739413174716,467.2953840232712,218364.9759294565,4818.05419921875,4813.157958984375,0.000988371,9.768771e-07,2.5917126e-07,0.000117216034,129.35350616273712,16732.329556593268,878.7772929953596,842.5504137891586,0.31338685,0.098211395,0.34013404,0.40851175500000003,0.09154251,0.008380031,0.042839393,0.08622585
Kurbaga,16.998235386241,288.9582166317048,17.7809986994849,19.90526591107401,73.220314,5361.214,-0.27904928,-8.059705,45.78443776512309,2096.2147414684296,80.74951171875,59.21630859375,714.4747542303062,510474.1744324565,4818.05419921875,4813.157958984375,0.00068022285,0.0022534216,0.0043770247,0.000132241522,223.58145145608182,50015.67400241016,1561.8250601739455,1114.1877930734715,0.32458007,0.10535223,0.3700645,0.4114343,0.08462153,0.007160803,0.12923633,0.12173185
Kurbaga,16.998235386241,288.9582166317048,15.559247430692842,21.928602298131892,63.493855,4031.4697,-0.08166745,-2.717787,36.80258532369509,1354.4302865078575,75.3662109375,53.8330078125,520.8886421021834,271623.4293087767,4818.05419921875,4813.157958984375,0.0075125364,5.6438203e-05,0.002023734,0.005538546,223.58145145608182,50015.67400241016,1608.098355838876,1847.7263152001688,0.30644065,0.093905866,0.34013404,0.40851175500000003,0.09574471,0.009167048,0.15756701,0.14778982
Kurbaga,16.998235386241,288.9582166317048,19.87018078993563,21.59581273144469,74.70758000000001,5582.0292,-0.826730575,-9.3138265,70.57575744899898,4980.937539499936,204.5654296875,170.36563648897058,520.8886421021834,271623.4293087767,4818.05419921875,4813.157958984375,0.0006585239,4.3365367e-07,1.5905285e-05,0.0002476825,288.1200762072047,83013.17831364545,1005.9598067048391,1114.1877930734715,0.31009725,0.09616031,0.29005623,0.3896927,0.05184086,0.002687475,0.093739666,0.079440124
Kurbaga,17.149950903706024,294.1208159995271,18.12995673090008,24.764655313512257,80.07567,6412.113,2.2406874,-11.681018,0.0,0.0,0.0,0.0,809.4279613889729,655173.6246783086,4866.50390625,4724.834019503148,0.00017072416,2.914674e-08,4.3525935e-07,2.0094978e-05,223.58145145608182,50015.67400241016,1016.6207592854968,1108.1917288905154,0.31679696,0.10036031,0.3224057,0.40324026,0.060284957,0.003634276,0.07434893,0.09179232
Kus-Part1,13.788110259172138,190.11198451908797,16.491145677908158,20.210716173427457,100.6032105,10121.0105,-1.7568957,-25.855687,548.5924689738049,301782.6002938456,952.84423828125,1029.5936584472656,153.4849671428965,23557.635138856014,9609.19189453125,9462.03955590308,0.021430138,0.0026990415,0.022446332,0.026951137,194.5904531593309,37865.44446075375,1701.8317663721302,1696.237941844505,0.30393437,0.09237609,0.25076476,0.35269937,0.026185565,0.0006149808,0.025048772,0.030847407
Kus-Part1,12.494645508430544,156.1161663813436,16.921620693876932,20.202567390953437,100.6032105,10121.0105,-2.1970568,-25.855687,548.5924689738049,301782.6002938456,952.84423828125,1029.5936584472656,669.4894991370968,448216.1894548407,9609.19189453125,9462.03955590308,0.02130017,0.00045369726,0.022446332,0.021165358,276.0856107303139,76223.26445233042,1647.095879160924,1532.8885083354542,0.3178321,0.10101726,0.17072354,0.2566975,0.028361848,0.0008043944,0.027185018,0.030847407
Kus-Part1,11.93785804557335,142.51245471626038,18.154585965108744,20.85170016418043,73.03952,5334.772,-2.8013892,-25.855687,205.3814538383094,42181.54158073762,952.84423828125,1029.5936584472656,405.0823534963683,164091.71311415668,9609.19189453125,9462.03955590308,0.028763693,0.0008273501,0.012936161,0.026951137,215.81532214671984,46576.25327329248,1702.870285495706,1767.7300092341625,0.31086022,0.096634075,0.15241069,0.2863774,0.026185565,0.00036374928,0.04848416,0.048396003
Kus-Part1,13.205975817736151,174.39779729863204,18.29005785063169,21.95851766746325,72.55182,5263.766,-4.126423,-25.855687,172.62593077226566,29799.711974991056,952.84423828125,1029.5936584472656,291.3298922009898,84873.10608984032,9609.19189453125,9462.03955590308,0.020097338,0.000403903,0.014865586,0.021671662,156.34100062757156,24442.508477230327,1758.719026358568,1788.8058843815254,0.3229602,0.10430329,0.13237476,0.28749302,0.026185565,0.00039767902,0.053324465,0.05482105
Kus-Part1,11.49666585008998,132.17332566862518,16.45917534038257,20.210716173427457,100.6032105,10121.0105,-1.1572855,-25.855687,548.5924689738049,301782.6002938456,226.0986328125,1029.5936584472656,488.71099094751264,238838.43267289977,9609.19189453125,9462.03955590308,0.026033148,0.00067772483,0.022446332,0.026951137,300.6935881884404,90416.63397763936,1739.4501335847822,1688.133071777957,0.3042949,0.0925954,0.19107743,0.3013383,0.031255186,0.0009768866,0.027185018,0.030847407
Kus-Part1,13.538105195891536,183.28029229502545,16.225708468081542,20.42666917317558,100.6032105,10121.0105,-3.1050236,-25.855687,548.5924689738049,301782.6002938456,952.84423828125,1029.5936584472656,419.5910957883208,176056.6876648438,9609.19189453125,9462.03955590308,0.015080543,0.00022742277,0.022446332,0.026951137,146.63189008551947,21500.911190051866,1663.714585735935,1661.7927204076552,0.2975612,0.08854266,0.1558631,0.28536877,0.026185565,0.0003289154,0.027185018,0.030847407
Kus-Part1,14.215245840955433,202.07321431880067,18.10633893273198,22.492972247807725,66.90552,4476.348,-2.2570355,-25.855687,211.7701723699352,44846.605905592056,952.84423828125,1029.5936584472656,233.0482624123618,54311.49261342105,9609.19189453125,9462.03955590308,0.023925668,0.0005724376,0.022446332,0.026951137,175.63076956025415,30846.16721632709,1701.8317663721302,1888.2519437357207,0.30860358,0.09523617,0.22278018,0.33054876,0.04137128,0.0017115825,0.07531748,0.078042805
Kus-Part1,12.137138631433128,147.31013415862645,16.523116015433743,20.21886495590148,100.6032105,10121.0105,-1.901753,-25.855687,548.5924689738049,301782.6002938456,952.84423828125,1029.5936584472656,807.0798492754419,651377.8831064701,9609.19189453125,9462.03955590308,0.012109079,0.0001466298,0.022446332,0.017717522,209.233283099702,43778.566756680055,1592.840122893885,1529.0613957202074,0.3062437,0.0937852,0.11474145,0.2670092,0.026185565,0.00074575684,0.030663261,0.030847407
Kus-Part1,13.499760091027172,182.24352251528995,16.134884292690757,20.23661620335364,100.6032105,10121.0105,-2.3147545,-25.855687,548.5924689738049,301782.6002938456,952.84423828125,1029.5936584472656,658.3768052027408,433460.01762896776,9609.19189453125,9462.03955590308,0.008784199,7.7162156e-05,0.0152833685,0.017819058,157.60159609599475,24838.263092005065,1550.2610208487235,1504.880210415608,0.30645347,0.09391373,0.19324891,0.31605595,0.026185565,0.000713828,0.027185018,0.030847407
Kus-Part1,14.51393966600216,210.6544446283509,18.07928844257368,22.33912351517257,71.83467,5160.22,-3.0850563,-25.855687,153.74178444538867,23636.53628445236,952.84423828125,1029.5936584472656,262.4940268610049,68903.11413770595,9609.19189453125,9462.03955590308,0.0165859,0.00027509208,0.01328507,0.019714836,144.54893860748396,20894.39565255017,1802.068775695383,1786.3915666431546,0.32004786,0.102430634,0.11400055,0.26995996,0.026185565,0.00034577897,0.059288748,0.0561365
Kus-Part1,13.43696435935886,180.5520111946802,18.020169681243942,21.40092119909593,72.721,5288.3438,-2.69314,-25.855687,169.6062798111652,28766.290151383266,952.84423828125,1029.5936584472656,291.5386316178123,84994.77372558648,9609.19189453125,9462.03955590308,0.014480146,0.00020967462,0.022446332,0.026951137,153.25926826298615,23488.403308505956,1747.4031560259946,1762.56312206282,0.30162033,0.09097482,0.38541353,0.4456354,0.026185565,0.00015001539,0.03714056,0.030847407
Kus-Part1,12.747058144831724,162.4874913477208,16.491145677908158,20.210716173427457,100.6032105,10121.0105,-3.1694586,-25.855687,548.5924689738049,301782.6002938456,398.3642578125,1029.5936584472656,318.75135701840605,101602.42760107535,9609.19189453125,9462.03955590308,0.013902221,0.00019327174,0.022446332,0.026951137,123.1920890421153,15176.290802560465,1700.7932472485545,1704.342811911053,0.305453,0.09330216,0.1817781,0.29907387,0.029618844,0.0008772759,0.027185018,0.030847407
Kus-Part1,14.39086435319404,207.0969768320309,16.491145677908158,20.210716173427457,100.6032105,10121.0105,-2.180386,-25.855687,548.5924689738049,116178.58065499204,952.84423828125,1029.5936584472656,266.3498188211452,70942.22598605686,9609.19189453125,9462.03955590308,0.021430138,0.0037461398,0.022446332,0.026951137,290.3837894005196,84322.74514660529,1701.8317663721302,1696.237941844505,0.31083468,0.0966182,0.2623565,0.36152512,0.026185565,0.0006674788,0.027185018,0.030847407
Kus-Part1,13.415267943284007,179.96941399010353,16.103004041711777,20.193678016758877,100.6032105,10121.0105,-2.9607196,-25.855687,548.5924689738049,301782.6002938456,952.84423828125,1029.5936584472656,644.7108676156973,415652.1028217852,9609.19189453125,9462.03955590308,0.015282272,0.00023354785,0.022446332,0.026951137,190.9602120605496,36465.80259021006,1560.4256455008472,1563.5102358478675,0.3019582,0.09117875,0.20555592,0.32189232,0.026185565,0.00030292064,0.029321264,0.030847407
Kus-Part1,12.12558189558405,147.0297363065157,17.168884650035345,20.31085206029282,100.6032105,10121.0105,-1.5794995,-25.855687,548.5924689738049,301782.6002938456,952.84423828125,1029.5936584472656,933.2774812397809,871006.8569892694,9609.19189453125,9462.03955590308,0.02340812,0.00054794014,0.011972051,0.020034252,350.32190286785993,122725.43562895828,1346.1422936020174,1451.385891291245,0.3046623,0.09281912,0.109791905,0.295467075,0.0414565,0.0017186414,0.057312705,0.048429947
Kus-Part1,13.268309900624857,176.04804761901957,15.844087854266151,20.210716173427457,100.6032105,10121.0105,-3.4984305,-25.855687,548.5924689738049,301782.6002938456,952.84423828125,1029.5936584472656,221.10862523798647,48889.02415463235,9609.19189453125,9462.03955590308,0.021430138,0.0027474114,0.022446332,0.026951137,201.91186812951645,40822.00560871691,1701.8317663721302,1696.237941844505,0.30759627,0.09461546,0.26111406,0.35500953,0.026185565,0.0007041339,0.034585238,0.030847407
Kus-Part1,13.01381294939714,169.3593274818967,16.491145677908158,20.210716173427457,100.6032105,10121.0105,-1.9679545,-25.855687,548.5924689738049,301782.6002938456,952.84423828125,1029.5936584472656,367.1958319246259,134832.77898281813,9609.19189453125,9462.03955590308,0.011524666,0.00013281792,0.022446332,0.026951137,158.70001050049413,25185.693332856947,1622.8151454006818,1584.242761802826,0.29282776,0.08574809,0.14449939,0.27727854,0.026185565,0.00020477711,0.024389226,0.030847407
Kus-Part1,12.084018487841838,146.02350281450336,16.997723818313368,19.81712431807837,100.6032105,10121.0105,-2.0186872,-25.855687,548.5924689738049,301782.6002938456,269.1650390625,1029.5936584472656,404.01378484423776,163228.28018313035,9609.19189453125,9462.03955590308,0.029222736,0.00085396826,0.022446332,0.026951137,201.91186812951645,153457.31158342338,1640.1268998111989,1600.454867402691,0.3130793,0.09801865,0.12317054,0.27664447,0.030437352,0.00092643243,0.027185018,0.030847407
Kus-Part1,13.748627062336803,189.02474609921995,16.017582589385967,20.210716173427457,100.6032105,10121.0105,-2.789347,-25.855687,548.5924689738049,106463.75212669373,952.84423828125,1029.5936584472656,402.9452161921072,162364.84725210402,9609.19189453125,9462.03955590308,0.021430138,0.0019229443,0.022446332,0.026951137,201.91186812951645,141509.1447162296,1701.8317663721302,1696.237941844505,0.30336866,0.09203254,0.25218636,0.3443997,0.026185565,0.00030605274,0.027185018,0.030847407
Kus-Part1,12.987870919821864,168.68479102995445,16.687748829155645,20.35989805267553,100.6032105,10121.0105,-1.2370546,-25.855687,548.5924689738049,301782.6002938456,952.84423828125,1029.5936584472656,588.0761448329922,345833.5521216345,9609.19189453125,9462.03955590308,0.021560106,0.0004648382,0.022446332,0.026951137,262.84314592046366,69086.51935736615,1578.3094085183322,1597.407370043312,0.30343226,0.09207113,0.15966898,0.29186028,0.040706217,0.0016569962,0.030871596,0.030847407
Maymun,19.03262315553643,362.2407441806615,19.13704563334596,25.92910475822891,73.429375,5391.92525,1.7636056500000001,-13.669026,0.0,0.0,0.0,0.0,208.6529983856066,43536.07373530394,4328.173828125,4308.603286743164,2.6278572e-06,6.9056327e-12,5.3699654e-07,6.929002e-07,134.09564102246597,17981.64094122606,962.3003489169284,989.4744990927665,0.31701186,0.10049652,0.2048833,0.323801535,0.035299197,0.0012460332,0.038601168,0.055204287
Maymun,18.189789791524564,330.896689385565,15.415519172091852,23.45645866903265,59.602608,3552.4707,1.6182017,-8.392125,156.7530448797982,24571.517079088037,129.19921875,164.17352955812103,544.4909198002251,1079519.577177259,4995.703125,4933.0643205453225,0.0017316281,0.0015626394,0.0039022556,0.00027696657,195.23301479954992,38115.93006772128,1413.5775787141577,1826.3797157959168,0.31658867,0.10022839,0.1410217,0.28160998,0.11252745,0.0126624275,0.1015826,0.12899545
Maymun,18.3578276614045,337.00983644582817,16.593781326057915,23.38384493070868,76.63262,5872.559,1.7636056500000001,-5.153208,0.0,0.0,0.0,0.0,266.1830590709008,70853.42093634268,5006.4697265625,4933.0643205453225,0.0002431097,5.9102327e-08,1.2732198e-06,1.9459101e-05,195.23301479954992,38115.93006772128,1245.6278187263674,1209.8131673607045,0.31701186,0.10049652,0.31651086,0.39485642,0.040814012,0.0016657835,0.05660227,0.061530523
Maymun,18.189789791524564,330.896689385565,20.79529752420952,25.93032261315617,73.429375,5391.92525,1.7636056500000001,-15.515098,0.0,0.0,0.0,0.0,544.4909198002251,296521.22912360507,4877.2705078125,4067.3080444335938,2.4684658e-05,6.0933236e-10,8.9141804e-07,2.4378762e-06,195.23301479954992,38115.93006772128,1086.302539175489,977.1734302256158,0.31701186,0.10049652,0.2048833,0.323801535,0.049687462,0.00031087812,0.025300184,0.107157085
Maymun,18.189789791524564,330.896689385565,16.047022848161685,23.45645866903265,73.429375,5391.92525,-4.6988993,-10.784164,56.834692528395664,3230.1822747972737,150.732421875,124.72008993459302,359.3329847043241,129120.193896518,4995.703125,4933.0643205453225,0.0017316281,0.0018120917,0.007638176,0.021783972,195.23301479954992,38115.93006772128,1097.040086147571,1143.6719286248974,0.31201822,0.09735536,0.21142875,0.3338509,0.045203056,0.0020433161,0.070925474,0.07866587
Maymun,12.737882370747448,162.2536472909986,20.7240898463894,22.609327682524995,73.429375,5391.92525,-0.016464867,-8.277455,29.89734969242226,893.8515186309814,107.666015625,112.060546875,630.1461312569112,397084.1467380524,7924.21875,7879.6142578125,0.0033745605,1.1387659e-05,0.0020364046,0.0029535992,269.521376061839,72641.77215426727,1506.270144657304,1578.438550483055,0.30456457,0.09275957,0.2048833,0.323801535,0.049687462,0.0024703187,0.099878815,0.107157085
Maymun,18.189789791524564,330.896689385565,20.79529752420952,25.93032261315617,73.429375,5391.92525,1.7636056500000001,-15.515098,0.0,0.0,0.0,0.0,544.4909198002251,296521.22912360507,4877.2705078125,4067.3080444335938,2.4684658e-05,6.0933236e-10,8.9141804e-07,2.4378762e-06,195.23301479954992,38115.93006772128,1086.302539175489,977.1734302256158,0.31701186,0.10049652,0.2048833,0.323801535,0.049687462,0.00031087812,0.025300184,0.107157085
Maymun,14.287718004582862,204.13888577848127,16.687465664445206,21.6677809201062,73.65683,5425.329,2.1042795,-6.6675105,40.51301892536026,1641.3047024465986,86.1328125,86.32337181969027,927.1707809471966,859645.6570422344,3951.3427734375,4190.589999308629,0.0029589685,8.7554945e-06,2.0424814e-06,0.00070141733,153.87048381706344,23676.125790097183,960.1742394878748,1005.840754569012,0.31701186,0.10049652,0.14817008,0.30480665,0.1052283,0.011072994,0.18979794,0.16730152
Maymun,10.569984248725858,330.896689385565,18.325882419832663,22.339523648765155,71.34651,5090.325,1.7636056500000001,-13.050756,65.60146626312445,4303.552375871855,129.19921875,119.82185609879032,612.5718633422282,375244.2877585695,4995.703125,4933.0643205453225,0.0017316281,0.0032153397,1.0168719e-06,0.0032367194,197.9546437532432,39186.040983473424,1097.040086147571,1143.6719286248974,0.3144117,0.09885472,0.25773638,0.3544335,0.10840313,0.011751238,0.09954877,0.14263776
Maymun,18.189789791524564,330.896689385565,17.435498310955843,23.80482753571562,73.20192,5358.5215,1.9090096,-7.091199,79.62370163198923,6339.933861580046,107.666015625,102.23507501382744,537.3587827635489,288754.4614131229,4995.703125,4933.0643205453225,0.0019418674,3.7708492e-06,2.4470777e-08,0.00019088211,131.91159861665312,17400.669849601003,871.1568870465146,909.2751449904868,0.31701186,0.10049652,0.13656062,0.30158353,0.12238549,0.014978208,0.2213052,0.19493887
Maymun,18.02175192164463,324.7835423253019,17.829634798005372,23.76232294748465,83.84515,7030.0093,2.2358313,-12.887712,29.720100281366776,883.2843607344975,0.0,13.771234556686046,544.4909198002251,8264.655221984995,5054.91943359375,5065.811228197675,0.0001330487,1.7701957e-08,3.4879135e-06,2.580207e-05,182.86981599708733,33441.369602808576,1107.7776331196526,1172.6149088547331,0.30403388,0.0924366,0.19833785,0.31214127,0.049687462,0.0005771278,0.030432135,0.107157085
Maymun,18.189789791524564,330.896689385565,19.81508146100044,20.037677613859785,73.429375,5391.92525,1.5778239,-6.0615406,46.66660104546641,127448.0817079544,96.8994140625,94.27922341675885,806.8876701028001,651067.7121639252,4995.703125,4933.0643205453225,0.022194298,0.00049258687,1.2732198e-06,0.00027696657,195.23301479954992,38115.93006772128,1097.040086147571,1143.6719286248974,0.3262414,0.10643346,0.1628188,0.30507016,0.049687462,0.0024703187,0.099878815,0.107157085
Maymun,19.227979122931085,330.896689385565,16.985818572863664,23.354637712871543,74.91896,5612.8506,1.3928044,-8.162785,12.69837707254105,161.24878027643618,5.38330078125,7.899408755095108,426.8875535106567,182232.98334231376,4984.9365234375,5037.774790888248,0.003961967,1.5697182e-05,9.939274e-07,0.00036623754,306.5806422743107,93991.69021732888,976.6599111772914,1114.7289483950617,0.30366924,0.092215,0.2637518,0.37122107,0.048473027,0.0023496344,0.10020886,0.09179821
Maymun,18.189789791524564,330.896689385565,17.59427531653469,23.529072407356622,73.17027,5353.8887,1.3271451,-7.824044,79.19900142853378,6272.481827276895,150.732421875,142.5158048930921,551.6230568369014,304287.99683408724,4995.703125,4933.0643205453225,0.002634099,6.938478e-06,2.4255336e-08,0.0002610927,133.88593093615012,17925.44250263956,862.5843502249618,899.9040666871272,0.31701186,0.10049652,0.13788542,0.3004907,0.123511754,0.015255153,0.22151428,0.19347233
Maymun,14.947258072626388,223.42052388969475,18.07775860891902,24.005873256527885,75.98431,5773.615,0.7757493,-13.612415,219.94087595548507,48373.98891606607,183.0322265625,246.21803977272728,499.2810981299818,249281.61494988055,4995.703125,4933.0643205453225,0.0066133807,4.3736803e-05,0.0073305117,0.008766097,138.9745271590182,19313.919199072687,1811.08079564361,1812.5830728661936,0.30590835,0.093579926,0.2048833,0.323801535,0.049687462,0.00030041032,0.032290243,0.107157085
Maymun,18.189789791524564,330.896689385565,17.06271711895053,23.625321515771965,72.41551,5244.007,-1.6270016,-5.9184136,67.60287977231519,4570.149353510103,134.58251953125,136.7649387668919,544.4909198002251,14277.006697706973,4995.703125,4933.0643205453225,0.00016053354,2.5771017e-08,2.2289772e-08,2.4031562e-05,195.23301479954992,7501.213935009413,868.8326974660954,845.7852929735774,0.30016407,0.09009848,0.27682617,0.3772309,0.07760952,0.0060232375,0.099878815,0.107157085
Maymun,18.3578276614045,337.00983644582817,16.593781326057915,23.38384493070868,76.63262,5872.559,1.7636056500000001,-5.153208,0.0,0.0,0.0,0.0,266.1830590709008,70853.42093634268,5006.4697265625,4933.0643205453225,0.0002431097,5.9102327e-08,1.2732198e-06,1.9459101e-05,195.23301479954992,38115.93006772128,1245.6278187263674,1209.8131673607045,0.31701186,0.10049652,0.31651086,0.39485642,0.040814012,0.0016657835,0.05660227,0.061530523
Maymun,19.03262315553643,362.2407441806615,19.13704563334596,25.92910475822891,73.429375,5391.92525,1.7636056500000001,-13.669026,0.0,0.0,0.0,0.0,208.6529983856066,43536.07373530394,4328.173828125,4308.603286743164,2.6278572e-06,6.9056327e-12,5.3699654e-07,6.929002e-07,134.09564102246597,17981.64094122606,962.3003489169284,989.4744990927665,0.31701186,0.10049652,0.2048833,0.323801535,0.035299197,0.0012460332,0.038601168,0.055204287
Maymun,15.550720161893455,241.8248975535197,21.297324300420925,24.702085352788018,57.382793,3292.7852,1.7636056500000001,-4.059121,52.82018316557255,2789.9717496446337,53.8330078125,70.0528231534091,593.9011953905264,352718.62988629617,6492.2607421875,6480.515358664773,0.0003748732,1.4052992e-07,0.00021746873,0.00029284044,138.06946213361277,19063.176373865124,1187.6710485092867,1200.8153383720737,0.31751904,0.100818336,0.2048833,0.323801535,0.11255587,0.012668823,0.19162537,0.18845922
Maymun,18.189789791524564,330.896689385565,19.12554031682757,21.598836969207245,62.03425,3848.248,-5.3863945,-9.831863,89.80554238939648,8065.035443853688,161.4990234375,134.58251953125,544.4909198002251,296521.22912360507,6691.44287109375,7038.302034945102,0.0015213888,2.3146238e-06,0.0004906917,0.0011752415,195.23301479954992,38115.93006772128,1111.0288669775318,1293.4426428772267,0.31003296,0.09612044,0.18393013,0.31375217,0.050901897,0.002591003,0.14437297,0.12251596
Tavuk,18.835447887231865,354.7740971126273,16.864669145361507,23.04805512590013,59.93365,3592.0427,2.0162437,-7.26251505,27.04741284383652,731.5625415449327,10.7666015625,24.649850945723685,824.1251885531266,679182.3264077265,5036.077880859375,5226.512145996094,0.00097338454,9.474775e-07,3.7726398e-08,0.00019861403,133.28943217539893,17766.07272964027,816.9199975384317,839.5046066823533,0.30338588,0.09204299,0.24028957,0.3162197,0.0892789,0.007992970700000001,0.19997473,0.130807615
Tavuk,14.422000860036334,211.59406937085652,16.834180424144918,21.52280223008258,60.4557475,3655.14405,0.86628467,-4.548371,37.491020423572905,1405.5766124007607,5.38330078125,30.716480928308822,885.7481618863623,784549.8062850694,5036.077880859375,5226.512145996094,0.009548953,9.11825e-05,0.0008255218345,0.016652897,332.6298002462056,110642.58401183064,1300.9699763107606,1307.70883256073,0.30915338,0.0955758,0.19705409,0.32542288,0.07340363,0.0053880927,0.14572242,0.121730745
Tavuk,14.422000860036334,211.59406937085652,16.611848583031296,21.52280223008258,63.938053,4088.0747,-0.41711146499999996,-5.334182,205.59637524641656,42269.86951446533,0.0,77.6630859375,251.8898432293387,63448.49312210083,5036.077880859375,5226.512145996094,0.00108919207,0.0013961616,0.0008255218345,0.001294248615,204.71910101301572,42067.31914154717,1300.9699763107606,1307.70883256073,0.2919585,0.085239775,0.3720235,0.44646105,0.08456201,0.0071507334,0.118983685,0.059047617
Tavuk,18.01990142804093,324.7168474763118,19.282490739879357,24.49094319391184,70.09161,4912.834,-0.41711146499999996,-8.4005165,127.62397243653996,16287.878340482712,0.0,61.36962890625,288.116626575808,83011.19050942361,4958.02001953125,4875.924682617188,0.00015738365,2.4769614e-08,1.6152136e-06,4.0461753e-05,217.26536826546308,47204.24024752729,1300.9699763107606,1307.70883256073,0.3158421,0.099756226,0.22957954,0.34560522,0.0892789,0.007992970700000001,0.054995734,0.13505808
Tavuk,18.787590753837343,352.9735663336744,16.98197734573727,23.180419400863485,59.95919,3595.1045,1.889689,-7.26251505,28.07271653444003,788.0774136230227,10.7666015625,22.94986122532895,770.964445405191,594386.1760789338,5036.077880859375,5226.512145996094,0.00082658435,6.832417e-07,3.7192734e-08,0.00016843768,127.99079686721444,16381.644082704546,816.8018555281592,838.4445217646759,0.3035521,0.09214386,0.23980631,0.31648728,0.0892789,0.007992970700000001,0.2007283,0.130807615
Tavuk,14.422000860036334,211.59406937085652,16.467880319112794,22.667696029010276,60.4557475,3655.14405,-6.360619,-15.052954,68.96287230807107,4755.8777569793165,145.34912109375,116.41387939453124,183.31774432806512,33605.395385529846,4898.8037109375,4836.222839355469,2.0697038e-05,4.283674e-10,2.437369e-06,8.294321e-06,180.93968663645543,32739.170200098688,1215.4326800606982,1187.0369199135098,0.31551778,0.09955148,0.30561188,0.39878544,0.0892789,0.00046157453,0.05801361,0.05413673
Tavuk,19.05993216801481,211.59406937085652,16.467880319112794,21.52280223008258,69.60394,4844.7085,-0.64346004,-8.535148,72.56348662481899,5265.459591150284,113.04931640625,85.05615234375,186.36037367528124,34730.18887639046,4780.37109375,4846.76513671875,2.1549868e-05,4.6439677e-10,1.969328e-06,1.2491007e-05,154.0892516493683,23743.497473862357,1067.604254158588,1116.2737030731705,0.30731523,0.09444264,0.3160264,0.4003407,0.046228375,0.0021370626,0.101260826,0.095157266
Tavuk,12.394958255646074,153.63499015920877,17.419807478686216,21.3968093969634,60.4557475,3655.14405,0.18830693,-7.26251505,73.71968549968969,5434.592030173159,96.8994140625,89.98822685261936,288.116626575808,1188866.7941925558,5036.077880859375,5226.512145996094,0.005061001,2.5613732e-05,0.0042317514,0.005433436,336.3938506026779,113160.8227232968,1644.9964844737344,1646.902525781064,0.31878978,0.10162692,0.21062738,0.32008746,0.0892789,0.007992970700000001,0.118983685,0.130807615
Tavuk,18.01990142804093,324.7168474763118,19.282490739879357,24.49094319391184,70.09161,4912.834,-0.41711146499999996,-8.4005165,127.62397243653996,16287.878340482712,0.0,61.36962890625,288.116626575808,83011.19050942361,4958.02001953125,4875.924682617188,0.00015738365,2.4769614e-08,1.6152136e-06,4.0461753e-05,217.26536826546308,47204.24024752729,1300.9699763107606,1307.70883256073,0.3158421,0.099756226,0.22957954,0.34560522,0.0892789,0.007992970700000001,0.054995734,0.13505808
Tavuk,14.422000860036334,211.59406937085652,16.467880319112794,21.52280223008258,66.40068,4409.051,0.20074782,-11.060357,0.0,0.0,0.0,0.0,343.80684035871053,118203.14347743988,5036.077880859375,5226.512145996094,0.0012049996,1.452024e-06,0.002405698,0.002630142,204.71910101301572,42067.31914154717,1300.9699763107606,1307.70883256073,0.31808814,0.10118006,0.35409278,0.41865805,0.0892789,0.0002668633,0.04425561,0.050785586
Tavuk,14.422000860036334,211.59406937085652,16.467880319112794,21.52280223008258,60.4557475,3655.14405,-1.933394,-7.26251505,36.44080528846154,1327.9322900715665,139.9658203125,140.79402043269232,851.907593952718,725746.5486343091,5114.1357421875,5577.099609375,0.0014829277,2.1990745e-06,0.0016486063,0.0023898832,126.51324113606216,16005.60018275141,1263.062481765784,1299.1592352070943,0.29021963,0.08422743,0.3880826,0.4214402,0.11306664,0.012784066,0.118983685,0.130807615
Tavuk,18.725792414388717,350.65530154677793,16.691148233390088,23.018920673169596,60.952305,3715.1836,-0.41711146499999996,-9.79445,100.054115792395,10010.826086997986,226.0986328125,230.4052734375,283.2480682116101,80229.4681456089,4726.5380859375,4648.37255859375,3.798528e-06,1.4428816e-11,2.6577615e-07,1.3663999e-06,192.17283376056835,36930.39803556704,993.3369956448483,989.086814039274,0.30232137,0.09139822,0.33211553,0.39662626,0.12249824,0.015005819,0.118983685,0.130807615
Tavuk,12.359834513205174,152.76550919381776,16.467880319112794,21.52280223008258,60.4557475,3655.14405,-2.960323,-10.718402,74.5594795805122,5559.115995316816,118.4326171875,104.35321514423076,288.116626575808,8777.431235510921,5036.077880859375,5226.512145996094,0.009810198,9.623998e-05,0.0008255218345,0.001294248615,204.71910101301572,4724.662907273602,1300.9699763107606,1307.70883256073,0.2893516,0.08372436,0.33382523,0.4008592,0.0892789,0.00033165517,0.05835562,0.052114505
Tavuk,11.583954884219718,134.18801075963788,15.413970074987748,21.52280223008258,60.4557475,3655.14405,-3.8402112,-3.6451724,48.24991357380534,2328.0541598796844,156.11572265625,156.11572265625,477.7508842753516,228245.90742588043,5036.077880859375,5226.512145996094,0.006427997,4.1319145e-05,0.005327506,0.0075199287,275.67957824491714,75999.22986129539,1609.804182885974,1726.267233160057,0.2928067,0.08573577,0.25542557,0.38453615,0.0892789,0.007992970700000001,0.118983685,0.130807615
Tavuk,14.422000860036334,211.59406937085652,16.467880319112794,21.52280223008258,60.4557475,3655.14405,-0.39660373,-5.5706773,70.4633153755079,4965.078813708289,0.0,50.101157868525895,215.05252933513543,46247.590373439285,5036.077880859375,5226.512145996094,0.00108919207,0.004152939,0.0008255218345,0.001294248615,204.71910101301572,42067.31914154717,1300.9699763107606,1307.70883256073,0.29460105,0.08678979,0.38883162,0.44913357,0.09399579,0.008835208,0.10440202,0.11464629
Tavuk,14.422000860036334,211.59406937085652,16.467880319112794,22.2365507687006,76.74899,5890.4077,-0.4376192,-9.048677,71.11845408890238,5057.834511995316,102.28271484375,82.18505859375,288.116626575808,2084.493970870972,5036.077880859375,5226.512145996094,2.6947204e-05,7.261518e-10,1.6406477e-07,7.3666956e-06,113.5776567699078,12899.884117342985,935.1957788703608,963.6270431823832,0.32484528,0.105524465,0.3471612,0.43345332,0.04599761,0.00211578,0.10073363,0.09505594
Tavuk,12.436039348248144,154.65507467117612,16.32391205519429,20.154197099235425,60.4557475,3655.14405,-6.678071,-5.6261387,51.08784335230808,2609.967738389969,139.9658203125,146.88720703125,288.116626575808,1114107.2823107245,7725.03662109375,8148.01025390625,0.004937978,2.4383626e-05,0.0021078908,0.004296968,317.9923785427208,101119.15281125708,1419.200498484715,1546.9569348564307,0.29923654,0.0895425,0.3956018,0.4384998,0.11617474,0.013496571,0.118983685,0.130807615
Tavuk,19.05993216801481,211.59406937085652,16.467880319112794,21.52280223008258,69.60394,4844.7085,-0.64346004,-8.535148,72.56348662481899,5265.459591150284,113.04931640625,85.05615234375,186.36037367528124,34730.18887639046,4780.37109375,4846.76513671875,2.1549868e-05,4.6439677e-10,1.969328e-06,1.2491007e-05,154.0892516493683,23743.497473862357,1067.604254158588,1116.2737030731705,0.30731523,0.09444264,0.3160264,0.4003407,0.046228375,0.0021370626,0.101260826,0.095157266
Tavuk,16.319357063801892,266.3214149758608,18.32216364805265,24.07879036495608,77.857216,6061.746,-5.9528275,-11.121994,64.91568874162486,4214.04664479952,86.1328125,77.60078862028301,324.8305936539472,105514.91457357572,4500.439453125,4541.880711969339,7.5987875e-05,5.7741576e-09,1.5472047e-07,1.2871684e-05,259.59163650758444,67387.81774468586,1300.9699763107606,842.7925510332817,0.30731523,0.09444264,0.21616784,0.3422319,0.05781303,0.0033423465,0.14435315,0.12862834
Tavuk,12.524644656270778,156.8667237658522,20.13633014156042,23.42951455497513,60.4557475,3655.14405,-0.25710893,-6.1245136,110.0041368970628,12100.910134467733,43.06640625,97.62740491548044,260.9573469614612,68098.73693316446,5036.077880859375,5226.512145996094,0.0048419596,2.3444572e-05,0.005575809,0.0068024267,178.58260759167862,31891.74773424348,1300.9699763107606,1891.1861997541976,0.31194964,0.09731258,0.31081914,0.39770585,0.04474714,0.0020023065,0.13356535,0.13298689
